wfName,taskName,nodeName,rank
nfcore/viralrecon:2.1,NFCORE_VIRALRECON:ILLUMINA:ALIGN_BOWTIE2:BOWTIE2_ALIGN,c5a.xlarge,1.9838549567868435
nfcore/viralrecon:2.1,NFCORE_VIRALRECON:ILLUMINA:ALIGN_BOWTIE2:BOWTIE2_ALIGN,c5.2xlarge,3.6295359472175237
nfcore/viralrecon:2.1,NFCORE_VIRALRECON:ILLUMINA:ALIGN_BOWTIE2:BOWTIE2_ALIGN,c5a.2xlarge,3.0090096103370554
nfcore/viralrecon:2.1,NFCORE_VIRALRECON:ILLUMINA:ALIGN_BOWTIE2:BOWTIE2_ALIGN,m5zn.2xlarge,3.786718796787654
nfcore/viralrecon:2.1,NFCORE_VIRALRECON:ILLUMINA:ALIGN_BOWTIE2:BOWTIE2_ALIGN,m5zn.large,6.245208285966856
nfcore/viralrecon:2.1,NFCORE_VIRALRECON:ILLUMINA:ALIGN_BOWTIE2:BOWTIE2_ALIGN,c5.xlarge,6.704994034064126
nfcore/viralrecon:2.1,NFCORE_VIRALRECON:ILLUMINA:ALIGN_BOWTIE2:BOWTIE2_ALIGN,m5zn.xlarge,6.348909218370742
nfcore/viralrecon:2.1,NFCORE_VIRALRECON:ILLUMINA:ALIGN_BOWTIE2:BOWTIE2_ALIGN,z1d.2xlarge,7.395803014328869
nfcore/viralrecon:2.1,NFCORE_VIRALRECON:ILLUMINA:ALIGN_BOWTIE2:BOWTIE2_ALIGN,z1d.xlarge,8.572497939708338
nfcore/viralrecon:2.1,NFCORE_VIRALRECON:ILLUMINA:ALIGN_BOWTIE2:BOWTIE2_ALIGN,z1d.large,10.351735364822584
nfcore/viralrecon:2.1,NFCORE_VIRALRECON:ILLUMINA:ALIGN_BOWTIE2:BOWTIE2_ALIGN,d3.xlarge,11.05589779379897
nfcore/viralrecon:2.1,NFCORE_VIRALRECON:ILLUMINA:ALIGN_BOWTIE2:BOWTIE2_ALIGN,d3.2xlarge,12.933009564508296
nfcore/viralrecon:2.1,NFCORE_VIRALRECON:ILLUMINA:ALIGN_BOWTIE2:BOWTIE2_ALIGN,m5.2xlarge,13.01785009450299
nfcore/viralrecon:2.1,NFCORE_VIRALRECON:ILLUMINA:ALIGN_BOWTIE2:BOWTIE2_ALIGN,r5.2xlarge,13.207048872376461
nfcore/viralrecon:2.1,NFCORE_VIRALRECON:ILLUMINA:ALIGN_BOWTIE2:BOWTIE2_ALIGN,m5.xlarge,15.00718337113387
nfcore/viralrecon:2.1,NFCORE_VIRALRECON:ILLUMINA:ALIGN_BOWTIE2:BOWTIE2_ALIGN,r5.xlarge,15.887353651777836
nfcore/viralrecon:2.1,NFCORE_VIRALRECON:ILLUMINA:ALIGN_BOWTIE2:BOWTIE2_ALIGN,m5.large,15.229347285658339
nfcore/viralrecon:2.1,NFCORE_VIRALRECON:ILLUMINA:ALIGN_BOWTIE2:BOWTIE2_ALIGN,r5.large,16.719274670405483
nfcore/viralrecon:2.1,NFCORE_VIRALRECON:ILLUMINA:ALIGN_BOWTIE2:BOWTIE2_ALIGN,i3.2xlarge,19.317762994750847
nfcore/viralrecon:2.1,NFCORE_VIRALRECON:ILLUMINA:ALIGN_BOWTIE2:BOWTIE2_ALIGN,m5a.large,20.846400989593114
nfcore/viralrecon:2.1,NFCORE_VIRALRECON:ILLUMINA:ALIGN_BOWTIE2:BOWTIE2_ALIGN,r5a.large,21.101260403252063
nfcore/viralrecon:2.1,NFCORE_VIRALRECON:ILLUMINA:ALIGN_BOWTIE2:BOWTIE2_ALIGN,m5a.xlarge,23.028688406000374
nfcore/viralrecon:2.1,NFCORE_VIRALRECON:ILLUMINA:ALIGN_BOWTIE2:BOWTIE2_ALIGN,r5a.xlarge,22.18125893980569
nfcore/viralrecon:2.1,NFCORE_VIRALRECON:ILLUMINA:ALIGN_BOWTIE2:BOWTIE2_ALIGN,i3.large,23.25147369551888
nfcore/viralrecon:2.1,NFCORE_VIRALRECON:ILLUMINA:ALIGN_BOWTIE2:BOWTIE2_ALIGN,m5a.2xlarge,23.73783476166933
nfcore/viralrecon:2.1,NFCORE_VIRALRECON:ILLUMINA:ALIGN_BOWTIE2:BOWTIE2_ALIGN,i3.xlarge,25.813482078332513
nfcore/viralrecon:2.1,NFCORE_VIRALRECON:ILLUMINA:ALIGN_BOWTIE2:BOWTIE2_ALIGN,r5a.2xlarge,24.99722119296288
nfcore/viralrecon:2.1,NFCORE_VIRALRECON:ILLUMINA:ASSEMBLY_MINIA:ASSEMBLY_QC:QUAST,m5zn.large,0.723776066828941
nfcore/viralrecon:2.1,NFCORE_VIRALRECON:ILLUMINA:ASSEMBLY_MINIA:ASSEMBLY_QC:QUAST,z1d.large,2.426399467807566
nfcore/viralrecon:2.1,NFCORE_VIRALRECON:ILLUMINA:ASSEMBLY_MINIA:ASSEMBLY_QC:QUAST,c5a.xlarge,3.92191799040659
nfcore/viralrecon:2.1,NFCORE_VIRALRECON:ILLUMINA:ASSEMBLY_MINIA:ASSEMBLY_QC:QUAST,c5a.2xlarge,5.581565647896444
nfcore/viralrecon:2.1,NFCORE_VIRALRECON:ILLUMINA:ASSEMBLY_MINIA:ASSEMBLY_QC:QUAST,m5zn.xlarge,4.678127441562027
nfcore/viralrecon:2.1,NFCORE_VIRALRECON:ILLUMINA:ASSEMBLY_MINIA:ASSEMBLY_QC:QUAST,z1d.xlarge,6.795846699710899
nfcore/viralrecon:2.1,NFCORE_VIRALRECON:ILLUMINA:ASSEMBLY_MINIA:ASSEMBLY_QC:QUAST,c5.xlarge,8.195178383000922
nfcore/viralrecon:2.1,NFCORE_VIRALRECON:ILLUMINA:ASSEMBLY_MINIA:ASSEMBLY_QC:QUAST,c5.2xlarge,8.790037789907647
nfcore/viralrecon:2.1,NFCORE_VIRALRECON:ILLUMINA:ASSEMBLY_MINIA:ASSEMBLY_QC:QUAST,z1d.2xlarge,7.967949438108996
nfcore/viralrecon:2.1,NFCORE_VIRALRECON:ILLUMINA:ASSEMBLY_MINIA:ASSEMBLY_QC:QUAST,m5zn.2xlarge,6.783167218414255
nfcore/viralrecon:2.1,NFCORE_VIRALRECON:ILLUMINA:ASSEMBLY_MINIA:ASSEMBLY_QC:QUAST,m5.large,11.558282156650453
nfcore/viralrecon:2.1,NFCORE_VIRALRECON:ILLUMINA:ASSEMBLY_MINIA:ASSEMBLY_QC:QUAST,r5.large,12.648138868882896
nfcore/viralrecon:2.1,NFCORE_VIRALRECON:ILLUMINA:ASSEMBLY_MINIA:ASSEMBLY_QC:QUAST,d3.xlarge,11.551241640752192
nfcore/viralrecon:2.1,NFCORE_VIRALRECON:ILLUMINA:ASSEMBLY_MINIA:ASSEMBLY_QC:QUAST,r5.xlarge,15.558937169400451
nfcore/viralrecon:2.1,NFCORE_VIRALRECON:ILLUMINA:ASSEMBLY_MINIA:ASSEMBLY_QC:QUAST,m5.xlarge,15.336361880426526
nfcore/viralrecon:2.1,NFCORE_VIRALRECON:ILLUMINA:ASSEMBLY_MINIA:ASSEMBLY_QC:QUAST,m5a.large,18.40436463722009
nfcore/viralrecon:2.1,NFCORE_VIRALRECON:ILLUMINA:ASSEMBLY_MINIA:ASSEMBLY_QC:QUAST,r5a.large,18.64681498094902
nfcore/viralrecon:2.1,NFCORE_VIRALRECON:ILLUMINA:ASSEMBLY_MINIA:ASSEMBLY_QC:QUAST,d3.2xlarge,14.796652076849792
nfcore/viralrecon:2.1,NFCORE_VIRALRECON:ILLUMINA:ASSEMBLY_MINIA:ASSEMBLY_QC:QUAST,r5.2xlarge,18.474938596252812
nfcore/viralrecon:2.1,NFCORE_VIRALRECON:ILLUMINA:ASSEMBLY_MINIA:ASSEMBLY_QC:QUAST,m5a.xlarge,20.935453831860244
nfcore/viralrecon:2.1,NFCORE_VIRALRECON:ILLUMINA:ASSEMBLY_MINIA:ASSEMBLY_QC:QUAST,r5a.xlarge,21.32719234242069
nfcore/viralrecon:2.1,NFCORE_VIRALRECON:ILLUMINA:ASSEMBLY_MINIA:ASSEMBLY_QC:QUAST,m5.2xlarge,18.1381046488829
nfcore/viralrecon:2.1,NFCORE_VIRALRECON:ILLUMINA:ASSEMBLY_MINIA:ASSEMBLY_QC:QUAST,i3.large,23.153716448712327
nfcore/viralrecon:2.1,NFCORE_VIRALRECON:ILLUMINA:ASSEMBLY_MINIA:ASSEMBLY_QC:QUAST,r5a.2xlarge,25.22486137583337
nfcore/viralrecon:2.1,NFCORE_VIRALRECON:ILLUMINA:ASSEMBLY_MINIA:ASSEMBLY_QC:QUAST,i3.xlarge,25.725678736775304
nfcore/viralrecon:2.1,NFCORE_VIRALRECON:ILLUMINA:ASSEMBLY_MINIA:ASSEMBLY_QC:QUAST,i3.2xlarge,25.464929568281704
nfcore/viralrecon:2.1,NFCORE_VIRALRECON:ILLUMINA:ASSEMBLY_MINIA:ASSEMBLY_QC:QUAST,m5a.2xlarge,25.076770156822526
nfcore/viralrecon:2.1,NFCORE_VIRALRECON:ILLUMINA:ASSEMBLY_MINIA:MINIA,c5a.xlarge,5.095021589283166
nfcore/viralrecon:2.1,NFCORE_VIRALRECON:ILLUMINA:ASSEMBLY_MINIA:MINIA,m5zn.large,1.712973994325548
nfcore/viralrecon:2.1,NFCORE_VIRALRECON:ILLUMINA:ASSEMBLY_MINIA:MINIA,z1d.large,5.490980929868477
nfcore/viralrecon:2.1,NFCORE_VIRALRECON:ILLUMINA:ASSEMBLY_MINIA:MINIA,c5.2xlarge,4.16047903980157
nfcore/viralrecon:2.1,NFCORE_VIRALRECON:ILLUMINA:ASSEMBLY_MINIA:MINIA,c5a.2xlarge,7.4610223527575625
nfcore/viralrecon:2.1,NFCORE_VIRALRECON:ILLUMINA:ASSEMBLY_MINIA:MINIA,m5zn.xlarge,3.793734638119064
nfcore/viralrecon:2.1,NFCORE_VIRALRECON:ILLUMINA:ASSEMBLY_MINIA:MINIA,c5.xlarge,7.3659263229479
nfcore/viralrecon:2.1,NFCORE_VIRALRECON:ILLUMINA:ASSEMBLY_MINIA:MINIA,m5zn.2xlarge,4.336733839594733
nfcore/viralrecon:2.1,NFCORE_VIRALRECON:ILLUMINA:ASSEMBLY_MINIA:MINIA,z1d.xlarge,7.0708939384896565
nfcore/viralrecon:2.1,NFCORE_VIRALRECON:ILLUMINA:ASSEMBLY_MINIA:MINIA,z1d.2xlarge,8.041633979549495
nfcore/viralrecon:2.1,NFCORE_VIRALRECON:ILLUMINA:ASSEMBLY_MINIA:MINIA,m5.large,14.299574262623246
nfcore/viralrecon:2.1,NFCORE_VIRALRECON:ILLUMINA:ASSEMBLY_MINIA:MINIA,d3.xlarge,11.954695925502719
nfcore/viralrecon:2.1,NFCORE_VIRALRECON:ILLUMINA:ASSEMBLY_MINIA:MINIA,r5.large,13.455409801236087
nfcore/viralrecon:2.1,NFCORE_VIRALRECON:ILLUMINA:ASSEMBLY_MINIA:MINIA,m5.xlarge,14.594570498533965
nfcore/viralrecon:2.1,NFCORE_VIRALRECON:ILLUMINA:ASSEMBLY_MINIA:MINIA,r5a.large,20.235487638119285
nfcore/viralrecon:2.1,NFCORE_VIRALRECON:ILLUMINA:ASSEMBLY_MINIA:MINIA,r5.2xlarge,15.850913250280854
nfcore/viralrecon:2.1,NFCORE_VIRALRECON:ILLUMINA:ASSEMBLY_MINIA:MINIA,m5.2xlarge,14.798935912251682
nfcore/viralrecon:2.1,NFCORE_VIRALRECON:ILLUMINA:ASSEMBLY_MINIA:MINIA,r5.xlarge,14.777642654096216
nfcore/viralrecon:2.1,NFCORE_VIRALRECON:ILLUMINA:ASSEMBLY_MINIA:MINIA,d3.2xlarge,15.182749483750374
nfcore/viralrecon:2.1,NFCORE_VIRALRECON:ILLUMINA:ASSEMBLY_MINIA:MINIA,i3.large,21.947683956943905
nfcore/viralrecon:2.1,NFCORE_VIRALRECON:ILLUMINA:ASSEMBLY_MINIA:MINIA,m5a.large,20.4401171188706
nfcore/viralrecon:2.1,NFCORE_VIRALRECON:ILLUMINA:ASSEMBLY_MINIA:MINIA,m5a.xlarge,22.06188277901326
nfcore/viralrecon:2.1,NFCORE_VIRALRECON:ILLUMINA:ASSEMBLY_MINIA:MINIA,i3.2xlarge,23.044088181534573
nfcore/viralrecon:2.1,NFCORE_VIRALRECON:ILLUMINA:ASSEMBLY_MINIA:MINIA,r5a.xlarge,23.18619858292349
nfcore/viralrecon:2.1,NFCORE_VIRALRECON:ILLUMINA:ASSEMBLY_MINIA:MINIA,i3.xlarge,24.060830062400374
nfcore/viralrecon:2.1,NFCORE_VIRALRECON:ILLUMINA:ASSEMBLY_MINIA:MINIA,r5a.2xlarge,26.222552454001587
nfcore/viralrecon:2.1,NFCORE_VIRALRECON:ILLUMINA:ASSEMBLY_MINIA:MINIA,m5a.2xlarge,25.045843760673318
nfcore/viralrecon:2.1,NFCORE_VIRALRECON:ILLUMINA:ASSEMBLY_SPADES:ASSEMBLY_QC:QUAST,m5zn.large,1.223512578231703
nfcore/viralrecon:2.1,NFCORE_VIRALRECON:ILLUMINA:ASSEMBLY_SPADES:ASSEMBLY_QC:QUAST,z1d.large,1.8745380541832146
nfcore/viralrecon:2.1,NFCORE_VIRALRECON:ILLUMINA:ASSEMBLY_SPADES:ASSEMBLY_QC:QUAST,c5a.xlarge,3.542661242125285
nfcore/viralrecon:2.1,NFCORE_VIRALRECON:ILLUMINA:ASSEMBLY_SPADES:ASSEMBLY_QC:QUAST,c5a.2xlarge,5.283614204610914
nfcore/viralrecon:2.1,NFCORE_VIRALRECON:ILLUMINA:ASSEMBLY_SPADES:ASSEMBLY_QC:QUAST,m5zn.xlarge,4.82843005028782
nfcore/viralrecon:2.1,NFCORE_VIRALRECON:ILLUMINA:ASSEMBLY_SPADES:ASSEMBLY_QC:QUAST,z1d.xlarge,7.013786185553257
nfcore/viralrecon:2.1,NFCORE_VIRALRECON:ILLUMINA:ASSEMBLY_SPADES:ASSEMBLY_QC:QUAST,c5.xlarge,8.588152672163904
nfcore/viralrecon:2.1,NFCORE_VIRALRECON:ILLUMINA:ASSEMBLY_SPADES:ASSEMBLY_QC:QUAST,c5.2xlarge,8.91875609919455
nfcore/viralrecon:2.1,NFCORE_VIRALRECON:ILLUMINA:ASSEMBLY_SPADES:ASSEMBLY_QC:QUAST,m5zn.2xlarge,6.533745069461609
nfcore/viralrecon:2.1,NFCORE_VIRALRECON:ILLUMINA:ASSEMBLY_SPADES:ASSEMBLY_QC:QUAST,z1d.2xlarge,7.436182779961459
nfcore/viralrecon:2.1,NFCORE_VIRALRECON:ILLUMINA:ASSEMBLY_SPADES:ASSEMBLY_QC:QUAST,m5.large,12.412192310558176
nfcore/viralrecon:2.1,NFCORE_VIRALRECON:ILLUMINA:ASSEMBLY_SPADES:ASSEMBLY_QC:QUAST,d3.xlarge,12.007474548715518
nfcore/viralrecon:2.1,NFCORE_VIRALRECON:ILLUMINA:ASSEMBLY_SPADES:ASSEMBLY_QC:QUAST,r5.large,12.733578448303284
nfcore/viralrecon:2.1,NFCORE_VIRALRECON:ILLUMINA:ASSEMBLY_SPADES:ASSEMBLY_QC:QUAST,m5.xlarge,15.39666079540509
nfcore/viralrecon:2.1,NFCORE_VIRALRECON:ILLUMINA:ASSEMBLY_SPADES:ASSEMBLY_QC:QUAST,r5.xlarge,15.558660209127861
nfcore/viralrecon:2.1,NFCORE_VIRALRECON:ILLUMINA:ASSEMBLY_SPADES:ASSEMBLY_QC:QUAST,d3.2xlarge,15.053122466299865
nfcore/viralrecon:2.1,NFCORE_VIRALRECON:ILLUMINA:ASSEMBLY_SPADES:ASSEMBLY_QC:QUAST,m5a.large,18.988105537195914
nfcore/viralrecon:2.1,NFCORE_VIRALRECON:ILLUMINA:ASSEMBLY_SPADES:ASSEMBLY_QC:QUAST,r5a.large,18.92529842365687
nfcore/viralrecon:2.1,NFCORE_VIRALRECON:ILLUMINA:ASSEMBLY_SPADES:ASSEMBLY_QC:QUAST,m5.2xlarge,17.93746515667655
nfcore/viralrecon:2.1,NFCORE_VIRALRECON:ILLUMINA:ASSEMBLY_SPADES:ASSEMBLY_QC:QUAST,r5a.xlarge,21.41647982455053
nfcore/viralrecon:2.1,NFCORE_VIRALRECON:ILLUMINA:ASSEMBLY_SPADES:ASSEMBLY_QC:QUAST,r5.2xlarge,18.675234983466346
nfcore/viralrecon:2.1,NFCORE_VIRALRECON:ILLUMINA:ASSEMBLY_SPADES:ASSEMBLY_QC:QUAST,i3.large,22.963862980637074
nfcore/viralrecon:2.1,NFCORE_VIRALRECON:ILLUMINA:ASSEMBLY_SPADES:ASSEMBLY_QC:QUAST,m5a.xlarge,21.501089245774722
nfcore/viralrecon:2.1,NFCORE_VIRALRECON:ILLUMINA:ASSEMBLY_SPADES:ASSEMBLY_QC:QUAST,i3.xlarge,25.776902275407558
nfcore/viralrecon:2.1,NFCORE_VIRALRECON:ILLUMINA:ASSEMBLY_SPADES:ASSEMBLY_QC:QUAST,r5a.2xlarge,24.73777345641239
nfcore/viralrecon:2.1,NFCORE_VIRALRECON:ILLUMINA:ASSEMBLY_SPADES:ASSEMBLY_QC:QUAST,m5a.2xlarge,24.9907735730662
nfcore/viralrecon:2.1,NFCORE_VIRALRECON:ILLUMINA:ASSEMBLY_SPADES:ASSEMBLY_QC:QUAST,i3.2xlarge,25.424896245245165
nfcore/viralrecon:2.1,NFCORE_VIRALRECON:ILLUMINA:ASSEMBLY_SPADES:SPADES,c5a.xlarge,1.5923012200444226
nfcore/viralrecon:2.1,NFCORE_VIRALRECON:ILLUMINA:ASSEMBLY_SPADES:SPADES,c5a.2xlarge,2.2654737309338024
nfcore/viralrecon:2.1,NFCORE_VIRALRECON:ILLUMINA:ASSEMBLY_SPADES:SPADES,c5.2xlarge,2.6840774186825413
nfcore/viralrecon:2.1,NFCORE_VIRALRECON:ILLUMINA:ASSEMBLY_SPADES:SPADES,m5zn.large,3.833827961417046
nfcore/viralrecon:2.1,NFCORE_VIRALRECON:ILLUMINA:ASSEMBLY_SPADES:SPADES,m5zn.2xlarge,5.520123122512472
nfcore/viralrecon:2.1,NFCORE_VIRALRECON:ILLUMINA:ASSEMBLY_SPADES:SPADES,c5.xlarge,6.156674033307431
nfcore/viralrecon:2.1,NFCORE_VIRALRECON:ILLUMINA:ASSEMBLY_SPADES:SPADES,z1d.large,7.419357884616352
nfcore/viralrecon:2.1,NFCORE_VIRALRECON:ILLUMINA:ASSEMBLY_SPADES:SPADES,m5zn.xlarge,7.67289154122287
nfcore/viralrecon:2.1,NFCORE_VIRALRECON:ILLUMINA:ASSEMBLY_SPADES:SPADES,z1d.2xlarge,8.662488624990438
nfcore/viralrecon:2.1,NFCORE_VIRALRECON:ILLUMINA:ASSEMBLY_SPADES:SPADES,z1d.xlarge,9.999343401908941
nfcore/viralrecon:2.1,NFCORE_VIRALRECON:ILLUMINA:ASSEMBLY_SPADES:SPADES,d3.xlarge,11.129947697485765
nfcore/viralrecon:2.1,NFCORE_VIRALRECON:ILLUMINA:ASSEMBLY_SPADES:SPADES,m5.large,12.606661160761597
nfcore/viralrecon:2.1,NFCORE_VIRALRECON:ILLUMINA:ASSEMBLY_SPADES:SPADES,r5.large,12.565041271979247
nfcore/viralrecon:2.1,NFCORE_VIRALRECON:ILLUMINA:ASSEMBLY_SPADES:SPADES,m5.xlarge,14.171006610475303
nfcore/viralrecon:2.1,NFCORE_VIRALRECON:ILLUMINA:ASSEMBLY_SPADES:SPADES,r5.2xlarge,15.309814132785284
nfcore/viralrecon:2.1,NFCORE_VIRALRECON:ILLUMINA:ASSEMBLY_SPADES:SPADES,r5.xlarge,15.897223762168561
nfcore/viralrecon:2.1,NFCORE_VIRALRECON:ILLUMINA:ASSEMBLY_SPADES:SPADES,m5.2xlarge,15.868989302057233
nfcore/viralrecon:2.1,NFCORE_VIRALRECON:ILLUMINA:ASSEMBLY_SPADES:SPADES,d3.2xlarge,17.599862333577494
nfcore/viralrecon:2.1,NFCORE_VIRALRECON:ILLUMINA:ASSEMBLY_SPADES:SPADES,r5a.large,19.442702755595796
nfcore/viralrecon:2.1,NFCORE_VIRALRECON:ILLUMINA:ASSEMBLY_SPADES:SPADES,m5a.large,19.77471434617017
nfcore/viralrecon:2.1,NFCORE_VIRALRECON:ILLUMINA:ASSEMBLY_SPADES:SPADES,r5a.xlarge,20.573336745386506
nfcore/viralrecon:2.1,NFCORE_VIRALRECON:ILLUMINA:ASSEMBLY_SPADES:SPADES,m5a.2xlarge,22.15291990838044
nfcore/viralrecon:2.1,NFCORE_VIRALRECON:ILLUMINA:ASSEMBLY_SPADES:SPADES,m5a.xlarge,22.14763413356183
nfcore/viralrecon:2.1,NFCORE_VIRALRECON:ILLUMINA:ASSEMBLY_SPADES:SPADES,i3.large,23.47138293780616
nfcore/viralrecon:2.1,NFCORE_VIRALRECON:ILLUMINA:ASSEMBLY_SPADES:SPADES,r5a.2xlarge,25.110355139946122
nfcore/viralrecon:2.1,NFCORE_VIRALRECON:ILLUMINA:ASSEMBLY_SPADES:SPADES,i3.2xlarge,26.1919492016518
nfcore/viralrecon:2.1,NFCORE_VIRALRECON:ILLUMINA:ASSEMBLY_SPADES:SPADES,i3.xlarge,26.86132151683472
nfcore/viralrecon:2.1,NFCORE_VIRALRECON:ILLUMINA:ASSEMBLY_UNICYCLER:ASSEMBLY_QC:QUAST,m5zn.large,0.6903012592496371
nfcore/viralrecon:2.1,NFCORE_VIRALRECON:ILLUMINA:ASSEMBLY_UNICYCLER:ASSEMBLY_QC:QUAST,z1d.large,2.370916199963074
nfcore/viralrecon:2.1,NFCORE_VIRALRECON:ILLUMINA:ASSEMBLY_UNICYCLER:ASSEMBLY_QC:QUAST,c5a.xlarge,3.86701582136219
nfcore/viralrecon:2.1,NFCORE_VIRALRECON:ILLUMINA:ASSEMBLY_UNICYCLER:ASSEMBLY_QC:QUAST,m5zn.2xlarge,5.835532407008688
nfcore/viralrecon:2.1,NFCORE_VIRALRECON:ILLUMINA:ASSEMBLY_UNICYCLER:ASSEMBLY_QC:QUAST,m5zn.xlarge,4.2454997607090075
nfcore/viralrecon:2.1,NFCORE_VIRALRECON:ILLUMINA:ASSEMBLY_UNICYCLER:ASSEMBLY_QC:QUAST,z1d.2xlarge,7.678658100971021
nfcore/viralrecon:2.1,NFCORE_VIRALRECON:ILLUMINA:ASSEMBLY_UNICYCLER:ASSEMBLY_QC:QUAST,c5a.2xlarge,5.557903937620384
nfcore/viralrecon:2.1,NFCORE_VIRALRECON:ILLUMINA:ASSEMBLY_UNICYCLER:ASSEMBLY_QC:QUAST,z1d.xlarge,7.071356260531405
nfcore/viralrecon:2.1,NFCORE_VIRALRECON:ILLUMINA:ASSEMBLY_UNICYCLER:ASSEMBLY_QC:QUAST,c5.xlarge,8.2368375554796
nfcore/viralrecon:2.1,NFCORE_VIRALRECON:ILLUMINA:ASSEMBLY_UNICYCLER:ASSEMBLY_QC:QUAST,c5.2xlarge,8.72254780717904
nfcore/viralrecon:2.1,NFCORE_VIRALRECON:ILLUMINA:ASSEMBLY_UNICYCLER:ASSEMBLY_QC:QUAST,d3.xlarge,11.611403966172038
nfcore/viralrecon:2.1,NFCORE_VIRALRECON:ILLUMINA:ASSEMBLY_UNICYCLER:ASSEMBLY_QC:QUAST,m5.large,11.64469127394105
nfcore/viralrecon:2.1,NFCORE_VIRALRECON:ILLUMINA:ASSEMBLY_UNICYCLER:ASSEMBLY_QC:QUAST,r5.large,12.68098509701321
nfcore/viralrecon:2.1,NFCORE_VIRALRECON:ILLUMINA:ASSEMBLY_UNICYCLER:ASSEMBLY_QC:QUAST,d3.2xlarge,14.876860453040091
nfcore/viralrecon:2.1,NFCORE_VIRALRECON:ILLUMINA:ASSEMBLY_UNICYCLER:ASSEMBLY_QC:QUAST,r5.xlarge,15.548380820313987
nfcore/viralrecon:2.1,NFCORE_VIRALRECON:ILLUMINA:ASSEMBLY_UNICYCLER:ASSEMBLY_QC:QUAST,m5.2xlarge,17.753302738496046
nfcore/viralrecon:2.1,NFCORE_VIRALRECON:ILLUMINA:ASSEMBLY_UNICYCLER:ASSEMBLY_QC:QUAST,r5.2xlarge,18.440747824491407
nfcore/viralrecon:2.1,NFCORE_VIRALRECON:ILLUMINA:ASSEMBLY_UNICYCLER:ASSEMBLY_QC:QUAST,m5.xlarge,15.424030224430865
nfcore/viralrecon:2.1,NFCORE_VIRALRECON:ILLUMINA:ASSEMBLY_UNICYCLER:ASSEMBLY_QC:QUAST,r5a.large,18.667219938396283
nfcore/viralrecon:2.1,NFCORE_VIRALRECON:ILLUMINA:ASSEMBLY_UNICYCLER:ASSEMBLY_QC:QUAST,m5a.large,18.44555841525001
nfcore/viralrecon:2.1,NFCORE_VIRALRECON:ILLUMINA:ASSEMBLY_UNICYCLER:ASSEMBLY_QC:QUAST,m5a.xlarge,20.956165433075306
nfcore/viralrecon:2.1,NFCORE_VIRALRECON:ILLUMINA:ASSEMBLY_UNICYCLER:ASSEMBLY_QC:QUAST,r5a.xlarge,21.32971499699093
nfcore/viralrecon:2.1,NFCORE_VIRALRECON:ILLUMINA:ASSEMBLY_UNICYCLER:ASSEMBLY_QC:QUAST,i3.large,23.12883790607369
nfcore/viralrecon:2.1,NFCORE_VIRALRECON:ILLUMINA:ASSEMBLY_UNICYCLER:ASSEMBLY_QC:QUAST,m5a.2xlarge,25.042969553471057
nfcore/viralrecon:2.1,NFCORE_VIRALRECON:ILLUMINA:ASSEMBLY_UNICYCLER:ASSEMBLY_QC:QUAST,r5a.2xlarge,25.1708445958321
nfcore/viralrecon:2.1,NFCORE_VIRALRECON:ILLUMINA:ASSEMBLY_UNICYCLER:ASSEMBLY_QC:QUAST,i3.2xlarge,25.37623752923296
nfcore/viralrecon:2.1,NFCORE_VIRALRECON:ILLUMINA:ASSEMBLY_UNICYCLER:ASSEMBLY_QC:QUAST,i3.xlarge,25.69831762207555
nfcore/viralrecon:2.1,NFCORE_VIRALRECON:ILLUMINA:ASSEMBLY_UNICYCLER:UNICYCLER,c5a.xlarge,1.14517553316134
nfcore/viralrecon:2.1,NFCORE_VIRALRECON:ILLUMINA:ASSEMBLY_UNICYCLER:UNICYCLER,c5.2xlarge,2.385649148429194
nfcore/viralrecon:2.1,NFCORE_VIRALRECON:ILLUMINA:ASSEMBLY_UNICYCLER:UNICYCLER,c5a.2xlarge,3.0366533420661
nfcore/viralrecon:2.1,NFCORE_VIRALRECON:ILLUMINA:ASSEMBLY_UNICYCLER:UNICYCLER,m5zn.2xlarge,3.882747576273199
nfcore/viralrecon:2.1,NFCORE_VIRALRECON:ILLUMINA:ASSEMBLY_UNICYCLER:UNICYCLER,m5zn.xlarge,5.184859155099535
nfcore/viralrecon:2.1,NFCORE_VIRALRECON:ILLUMINA:ASSEMBLY_UNICYCLER:UNICYCLER,m5zn.large,6.148403665516047
nfcore/viralrecon:2.1,NFCORE_VIRALRECON:ILLUMINA:ASSEMBLY_UNICYCLER:UNICYCLER,c5.xlarge,7.533192841369101
nfcore/viralrecon:2.1,NFCORE_VIRALRECON:ILLUMINA:ASSEMBLY_UNICYCLER:UNICYCLER,z1d.2xlarge,8.04934886778484
nfcore/viralrecon:2.1,NFCORE_VIRALRECON:ILLUMINA:ASSEMBLY_UNICYCLER:UNICYCLER,z1d.xlarge,8.716961230209574
nfcore/viralrecon:2.1,NFCORE_VIRALRECON:ILLUMINA:ASSEMBLY_UNICYCLER:UNICYCLER,z1d.large,9.811265494072021
nfcore/viralrecon:2.1,NFCORE_VIRALRECON:ILLUMINA:ASSEMBLY_UNICYCLER:UNICYCLER,d3.2xlarge,11.26615686521206
nfcore/viralrecon:2.1,NFCORE_VIRALRECON:ILLUMINA:ASSEMBLY_UNICYCLER:UNICYCLER,d3.xlarge,11.854356148941484
nfcore/viralrecon:2.1,NFCORE_VIRALRECON:ILLUMINA:ASSEMBLY_UNICYCLER:UNICYCLER,r5.2xlarge,12.872849540525351
nfcore/viralrecon:2.1,NFCORE_VIRALRECON:ILLUMINA:ASSEMBLY_UNICYCLER:UNICYCLER,m5.2xlarge,13.599703203206978
nfcore/viralrecon:2.1,NFCORE_VIRALRECON:ILLUMINA:ASSEMBLY_UNICYCLER:UNICYCLER,m5.xlarge,14.489987324619921
nfcore/viralrecon:2.1,NFCORE_VIRALRECON:ILLUMINA:ASSEMBLY_UNICYCLER:UNICYCLER,r5.xlarge,16.153766416028994
nfcore/viralrecon:2.1,NFCORE_VIRALRECON:ILLUMINA:ASSEMBLY_UNICYCLER:UNICYCLER,m5.large,17.009536023992936
nfcore/viralrecon:2.1,NFCORE_VIRALRECON:ILLUMINA:ASSEMBLY_UNICYCLER:UNICYCLER,r5.large,18.10863179688411
nfcore/viralrecon:2.1,NFCORE_VIRALRECON:ILLUMINA:ASSEMBLY_UNICYCLER:UNICYCLER,r5a.large,19.046432603334395
nfcore/viralrecon:2.1,NFCORE_VIRALRECON:ILLUMINA:ASSEMBLY_UNICYCLER:UNICYCLER,m5a.large,19.69368891119204
nfcore/viralrecon:2.1,NFCORE_VIRALRECON:ILLUMINA:ASSEMBLY_UNICYCLER:UNICYCLER,m5a.xlarge,21.032479582023804
nfcore/viralrecon:2.1,NFCORE_VIRALRECON:ILLUMINA:ASSEMBLY_UNICYCLER:UNICYCLER,i3.2xlarge,22.002883714143145
nfcore/viralrecon:2.1,NFCORE_VIRALRECON:ILLUMINA:ASSEMBLY_UNICYCLER:UNICYCLER,r5a.xlarge,23.068225517718847
nfcore/viralrecon:2.1,NFCORE_VIRALRECON:ILLUMINA:ASSEMBLY_UNICYCLER:UNICYCLER,m5a.2xlarge,23.73770471515761
nfcore/viralrecon:2.1,NFCORE_VIRALRECON:ILLUMINA:ASSEMBLY_UNICYCLER:UNICYCLER,r5a.2xlarge,24.94783695046051
nfcore/viralrecon:2.1,NFCORE_VIRALRECON:ILLUMINA:ASSEMBLY_UNICYCLER:UNICYCLER,i3.xlarge,26.251948332833322
nfcore/viralrecon:2.1,NFCORE_VIRALRECON:ILLUMINA:ASSEMBLY_UNICYCLER:UNICYCLER,i3.large,26.838995859443614
nfcore/viralrecon:2.1,NFCORE_VIRALRECON:ILLUMINA:CUTADAPT,c5a.xlarge,2.286511032935091
nfcore/viralrecon:2.1,NFCORE_VIRALRECON:ILLUMINA:CUTADAPT,c5.2xlarge,2.281950784757746
nfcore/viralrecon:2.1,NFCORE_VIRALRECON:ILLUMINA:CUTADAPT,c5a.2xlarge,3.159885112847655
nfcore/viralrecon:2.1,NFCORE_VIRALRECON:ILLUMINA:CUTADAPT,m5zn.xlarge,4.455221208909684
nfcore/viralrecon:2.1,NFCORE_VIRALRECON:ILLUMINA:CUTADAPT,c5.xlarge,5.193734121509039
nfcore/viralrecon:2.1,NFCORE_VIRALRECON:ILLUMINA:CUTADAPT,m5zn.large,4.234152656664412
nfcore/viralrecon:2.1,NFCORE_VIRALRECON:ILLUMINA:CUTADAPT,m5zn.2xlarge,5.210138982274866
nfcore/viralrecon:2.1,NFCORE_VIRALRECON:ILLUMINA:CUTADAPT,z1d.xlarge,7.261526734589009
nfcore/viralrecon:2.1,NFCORE_VIRALRECON:ILLUMINA:CUTADAPT,z1d.large,8.42152216327494
nfcore/viralrecon:2.1,NFCORE_VIRALRECON:ILLUMINA:CUTADAPT,z1d.2xlarge,9.68235578813249
nfcore/viralrecon:2.1,NFCORE_VIRALRECON:ILLUMINA:CUTADAPT,d3.xlarge,11.068750199540066
nfcore/viralrecon:2.1,NFCORE_VIRALRECON:ILLUMINA:CUTADAPT,m5.xlarge,13.410647590002306
nfcore/viralrecon:2.1,NFCORE_VIRALRECON:ILLUMINA:CUTADAPT,r5.xlarge,14.423835676288249
nfcore/viralrecon:2.1,NFCORE_VIRALRECON:ILLUMINA:CUTADAPT,r5.large,14.55364916644141
nfcore/viralrecon:2.1,NFCORE_VIRALRECON:ILLUMINA:CUTADAPT,m5.large,13.856066886654396
nfcore/viralrecon:2.1,NFCORE_VIRALRECON:ILLUMINA:CUTADAPT,r5.2xlarge,15.359100782366493
nfcore/viralrecon:2.1,NFCORE_VIRALRECON:ILLUMINA:CUTADAPT,d3.2xlarge,15.179160411957852
nfcore/viralrecon:2.1,NFCORE_VIRALRECON:ILLUMINA:CUTADAPT,m5.2xlarge,15.85745322648846
nfcore/viralrecon:2.1,NFCORE_VIRALRECON:ILLUMINA:CUTADAPT,r5a.xlarge,20.714380960480355
nfcore/viralrecon:2.1,NFCORE_VIRALRECON:ILLUMINA:CUTADAPT,m5a.large,20.28643071463214
nfcore/viralrecon:2.1,NFCORE_VIRALRECON:ILLUMINA:CUTADAPT,r5a.large,19.795611762243894
nfcore/viralrecon:2.1,NFCORE_VIRALRECON:ILLUMINA:CUTADAPT,m5a.xlarge,21.78897098691928
nfcore/viralrecon:2.1,NFCORE_VIRALRECON:ILLUMINA:CUTADAPT,i3.xlarge,24.25690158446757
nfcore/viralrecon:2.1,NFCORE_VIRALRECON:ILLUMINA:CUTADAPT,m5a.2xlarge,23.754513919196608
nfcore/viralrecon:2.1,NFCORE_VIRALRECON:ILLUMINA:CUTADAPT,i3.large,23.228926305423386
nfcore/viralrecon:2.1,NFCORE_VIRALRECON:ILLUMINA:CUTADAPT,r5a.2xlarge,25.957291746794642
nfcore/viralrecon:2.1,NFCORE_VIRALRECON:ILLUMINA:CUTADAPT,i3.2xlarge,23.885477132366365
nfcore/viralrecon:2.1,NFCORE_VIRALRECON:ILLUMINA:FASTQC,m5zn.large,2.397302899747128
nfcore/viralrecon:2.1,NFCORE_VIRALRECON:ILLUMINA:FASTQC,m5zn.xlarge,2.7336853059212
nfcore/viralrecon:2.1,NFCORE_VIRALRECON:ILLUMINA:FASTQC,m5zn.2xlarge,3.415418237134138
nfcore/viralrecon:2.1,NFCORE_VIRALRECON:ILLUMINA:FASTQC,z1d.large,5.828377642569619
nfcore/viralrecon:2.1,NFCORE_VIRALRECON:ILLUMINA:FASTQC,c5a.xlarge,4.050733802971081
nfcore/viralrecon:2.1,NFCORE_VIRALRECON:ILLUMINA:FASTQC,c5a.2xlarge,5.647199107076921
nfcore/viralrecon:2.1,NFCORE_VIRALRECON:ILLUMINA:FASTQC,z1d.xlarge,6.739573766708024
nfcore/viralrecon:2.1,NFCORE_VIRALRECON:ILLUMINA:FASTQC,c5.2xlarge,5.512105298296933
nfcore/viralrecon:2.1,NFCORE_VIRALRECON:ILLUMINA:FASTQC,c5.xlarge,8.128048744324772
nfcore/viralrecon:2.1,NFCORE_VIRALRECON:ILLUMINA:FASTQC,z1d.2xlarge,7.5280568650886
nfcore/viralrecon:2.1,NFCORE_VIRALRECON:ILLUMINA:FASTQC,r5.large,14.262693127031419
nfcore/viralrecon:2.1,NFCORE_VIRALRECON:ILLUMINA:FASTQC,m5.large,13.681162411986087
nfcore/viralrecon:2.1,NFCORE_VIRALRECON:ILLUMINA:FASTQC,r5.2xlarge,14.84312075051972
nfcore/viralrecon:2.1,NFCORE_VIRALRECON:ILLUMINA:FASTQC,d3.2xlarge,12.917226666667027
nfcore/viralrecon:2.1,NFCORE_VIRALRECON:ILLUMINA:FASTQC,d3.xlarge,11.82392280402474
nfcore/viralrecon:2.1,NFCORE_VIRALRECON:ILLUMINA:FASTQC,r5.xlarge,15.43939941211336
nfcore/viralrecon:2.1,NFCORE_VIRALRECON:ILLUMINA:FASTQC,m5.2xlarge,15.390027189699062
nfcore/viralrecon:2.1,NFCORE_VIRALRECON:ILLUMINA:FASTQC,m5.xlarge,15.808309908574557
nfcore/viralrecon:2.1,NFCORE_VIRALRECON:ILLUMINA:FASTQC,r5a.large,21.38913172448369
nfcore/viralrecon:2.1,NFCORE_VIRALRECON:ILLUMINA:FASTQC,m5a.xlarge,22.199263449007393
nfcore/viralrecon:2.1,NFCORE_VIRALRECON:ILLUMINA:FASTQC,m5a.large,22.54479148472573
nfcore/viralrecon:2.1,NFCORE_VIRALRECON:ILLUMINA:FASTQC,r5a.xlarge,21.883135219656257
nfcore/viralrecon:2.1,NFCORE_VIRALRECON:ILLUMINA:FASTQC,i3.2xlarge,21.645324054381355
nfcore/viralrecon:2.1,NFCORE_VIRALRECON:ILLUMINA:FASTQC,m5a.2xlarge,22.670335527621294
nfcore/viralrecon:2.1,NFCORE_VIRALRECON:ILLUMINA:FASTQC,i3.large,24.49653329390904
nfcore/viralrecon:2.1,NFCORE_VIRALRECON:ILLUMINA:FASTQC,r5a.2xlarge,22.895561138702405
nfcore/viralrecon:2.1,NFCORE_VIRALRECON:ILLUMINA:FASTQC,i3.xlarge,27.181047386408615
nfcore/viralrecon:2.1,NFCORE_VIRALRECON:ILLUMINA:FASTQC_FASTP:FASTP,m5zn.large,1.913118977152748
nfcore/viralrecon:2.1,NFCORE_VIRALRECON:ILLUMINA:FASTQC_FASTP:FASTP,m5zn.xlarge,1.9188811862384734
nfcore/viralrecon:2.1,NFCORE_VIRALRECON:ILLUMINA:FASTQC_FASTP:FASTP,z1d.large,3.4940629719492025
nfcore/viralrecon:2.1,NFCORE_VIRALRECON:ILLUMINA:FASTQC_FASTP:FASTP,m5zn.2xlarge,4.702262369072931
nfcore/viralrecon:2.1,NFCORE_VIRALRECON:ILLUMINA:FASTQC_FASTP:FASTP,c5.2xlarge,4.726032477118362
nfcore/viralrecon:2.1,NFCORE_VIRALRECON:ILLUMINA:FASTQC_FASTP:FASTP,z1d.xlarge,5.95936918753718
nfcore/viralrecon:2.1,NFCORE_VIRALRECON:ILLUMINA:FASTQC_FASTP:FASTP,c5a.xlarge,5.40049923503615
nfcore/viralrecon:2.1,NFCORE_VIRALRECON:ILLUMINA:FASTQC_FASTP:FASTP,z1d.2xlarge,7.927532086314383
nfcore/viralrecon:2.1,NFCORE_VIRALRECON:ILLUMINA:FASTQC_FASTP:FASTP,c5a.2xlarge,7.669825845520989
nfcore/viralrecon:2.1,NFCORE_VIRALRECON:ILLUMINA:FASTQC_FASTP:FASTP,c5.xlarge,9.48512238142181
nfcore/viralrecon:2.1,NFCORE_VIRALRECON:ILLUMINA:FASTQC_FASTP:FASTP,r5.large,11.380667960374332
nfcore/viralrecon:2.1,NFCORE_VIRALRECON:ILLUMINA:FASTQC_FASTP:FASTP,m5.large,12.926905320541323
nfcore/viralrecon:2.1,NFCORE_VIRALRECON:ILLUMINA:FASTQC_FASTP:FASTP,d3.xlarge,12.081695089261874
nfcore/viralrecon:2.1,NFCORE_VIRALRECON:ILLUMINA:FASTQC_FASTP:FASTP,r5.xlarge,13.928174676908913
nfcore/viralrecon:2.1,NFCORE_VIRALRECON:ILLUMINA:FASTQC_FASTP:FASTP,r5.2xlarge,16.206323674685844
nfcore/viralrecon:2.1,NFCORE_VIRALRECON:ILLUMINA:FASTQC_FASTP:FASTP,m5.xlarge,13.6586974235763
nfcore/viralrecon:2.1,NFCORE_VIRALRECON:ILLUMINA:FASTQC_FASTP:FASTP,d3.2xlarge,18.222597091104
nfcore/viralrecon:2.1,NFCORE_VIRALRECON:ILLUMINA:FASTQC_FASTP:FASTP,i3.large,18.95544281647214
nfcore/viralrecon:2.1,NFCORE_VIRALRECON:ILLUMINA:FASTQC_FASTP:FASTP,m5a.large,19.548741538571107
nfcore/viralrecon:2.1,NFCORE_VIRALRECON:ILLUMINA:FASTQC_FASTP:FASTP,m5.2xlarge,16.893970941122646
nfcore/viralrecon:2.1,NFCORE_VIRALRECON:ILLUMINA:FASTQC_FASTP:FASTP,r5a.large,18.936678506603812
nfcore/viralrecon:2.1,NFCORE_VIRALRECON:ILLUMINA:FASTQC_FASTP:FASTP,m5a.xlarge,21.468184326524018
nfcore/viralrecon:2.1,NFCORE_VIRALRECON:ILLUMINA:FASTQC_FASTP:FASTP,i3.xlarge,23.629421183378735
nfcore/viralrecon:2.1,NFCORE_VIRALRECON:ILLUMINA:FASTQC_FASTP:FASTP,r5a.xlarge,21.328102923816083
nfcore/viralrecon:2.1,NFCORE_VIRALRECON:ILLUMINA:FASTQC_FASTP:FASTP,i3.2xlarge,25.319442281853874
nfcore/viralrecon:2.1,NFCORE_VIRALRECON:ILLUMINA:FASTQC_FASTP:FASTP,r5a.2xlarge,26.24576519422165
nfcore/viralrecon:2.1,NFCORE_VIRALRECON:ILLUMINA:FASTQC_FASTP:FASTP,m5a.2xlarge,26.35198446840185
nfcore/viralrecon:2.1,NFCORE_VIRALRECON:ILLUMINA:FASTQC_FASTP:FASTQC_RAW,m5zn.xlarge,2.6188466721645733
nfcore/viralrecon:2.1,NFCORE_VIRALRECON:ILLUMINA:FASTQC_FASTP:FASTQC_RAW,m5zn.2xlarge,3.47698198381437
nfcore/viralrecon:2.1,NFCORE_VIRALRECON:ILLUMINA:FASTQC_FASTP:FASTQC_RAW,m5zn.large,2.776506852832874
nfcore/viralrecon:2.1,NFCORE_VIRALRECON:ILLUMINA:FASTQC_FASTP:FASTQC_RAW,c5a.xlarge,3.98452657572774
nfcore/viralrecon:2.1,NFCORE_VIRALRECON:ILLUMINA:FASTQC_FASTP:FASTQC_RAW,c5a.2xlarge,5.548072113978825
nfcore/viralrecon:2.1,NFCORE_VIRALRECON:ILLUMINA:FASTQC_FASTP:FASTQC_RAW,c5.2xlarge,5.621531321988859
nfcore/viralrecon:2.1,NFCORE_VIRALRECON:ILLUMINA:FASTQC_FASTP:FASTQC_RAW,z1d.2xlarge,7.459513183644053
nfcore/viralrecon:2.1,NFCORE_VIRALRECON:ILLUMINA:FASTQC_FASTP:FASTQC_RAW,z1d.large,6.403432233945739
nfcore/viralrecon:2.1,NFCORE_VIRALRECON:ILLUMINA:FASTQC_FASTP:FASTQC_RAW,z1d.xlarge,6.870837931594596
nfcore/viralrecon:2.1,NFCORE_VIRALRECON:ILLUMINA:FASTQC_FASTP:FASTQC_RAW,c5.xlarge,8.27612733519447
nfcore/viralrecon:2.1,NFCORE_VIRALRECON:ILLUMINA:FASTQC_FASTP:FASTQC_RAW,d3.xlarge,12.050304989223118
nfcore/viralrecon:2.1,NFCORE_VIRALRECON:ILLUMINA:FASTQC_FASTP:FASTQC_RAW,m5.xlarge,15.819523591359658
nfcore/viralrecon:2.1,NFCORE_VIRALRECON:ILLUMINA:FASTQC_FASTP:FASTQC_RAW,d3.2xlarge,12.790863741070034
nfcore/viralrecon:2.1,NFCORE_VIRALRECON:ILLUMINA:FASTQC_FASTP:FASTQC_RAW,r5.xlarge,15.320303488171806
nfcore/viralrecon:2.1,NFCORE_VIRALRECON:ILLUMINA:FASTQC_FASTP:FASTQC_RAW,r5.2xlarge,14.93202858766233
nfcore/viralrecon:2.1,NFCORE_VIRALRECON:ILLUMINA:FASTQC_FASTP:FASTQC_RAW,m5.2xlarge,15.463515564004908
nfcore/viralrecon:2.1,NFCORE_VIRALRECON:ILLUMINA:FASTQC_FASTP:FASTQC_RAW,r5.large,14.155163798158227
nfcore/viralrecon:2.1,NFCORE_VIRALRECON:ILLUMINA:FASTQC_FASTP:FASTQC_RAW,m5.large,13.87411293924498
nfcore/viralrecon:2.1,NFCORE_VIRALRECON:ILLUMINA:FASTQC_FASTP:FASTQC_RAW,m5a.2xlarge,22.484144353453964
nfcore/viralrecon:2.1,NFCORE_VIRALRECON:ILLUMINA:FASTQC_FASTP:FASTQC_RAW,r5a.2xlarge,22.898294786044314
nfcore/viralrecon:2.1,NFCORE_VIRALRECON:ILLUMINA:FASTQC_FASTP:FASTQC_RAW,i3.2xlarge,21.659168504818858
nfcore/viralrecon:2.1,NFCORE_VIRALRECON:ILLUMINA:FASTQC_FASTP:FASTQC_RAW,r5a.xlarge,21.95714257470386
nfcore/viralrecon:2.1,NFCORE_VIRALRECON:ILLUMINA:FASTQC_FASTP:FASTQC_RAW,r5a.large,21.598731699182498
nfcore/viralrecon:2.1,NFCORE_VIRALRECON:ILLUMINA:FASTQC_FASTP:FASTQC_RAW,m5a.large,22.80038032269242
nfcore/viralrecon:2.1,NFCORE_VIRALRECON:ILLUMINA:FASTQC_FASTP:FASTQC_RAW,m5a.xlarge,22.13088519962926
nfcore/viralrecon:2.1,NFCORE_VIRALRECON:ILLUMINA:FASTQC_FASTP:FASTQC_RAW,i3.large,25.019899583804012
nfcore/viralrecon:2.1,NFCORE_VIRALRECON:ILLUMINA:FASTQC_FASTP:FASTQC_RAW,i3.xlarge,27.046350901028852
nfcore/viralrecon:2.1,NFCORE_VIRALRECON:ILLUMINA:FASTQC_FASTP:FASTQC_TRIM,m5zn.large,2.736340264443645
nfcore/viralrecon:2.1,NFCORE_VIRALRECON:ILLUMINA:FASTQC_FASTP:FASTQC_TRIM,z1d.large,6.489876782806136
nfcore/viralrecon:2.1,NFCORE_VIRALRECON:ILLUMINA:FASTQC_FASTP:FASTQC_TRIM,m5zn.xlarge,2.508171986103215
nfcore/viralrecon:2.1,NFCORE_VIRALRECON:ILLUMINA:FASTQC_FASTP:FASTQC_TRIM,c5a.xlarge,4.110966234515651
nfcore/viralrecon:2.1,NFCORE_VIRALRECON:ILLUMINA:FASTQC_FASTP:FASTQC_TRIM,c5.2xlarge,5.667516073680983
nfcore/viralrecon:2.1,NFCORE_VIRALRECON:ILLUMINA:FASTQC_FASTP:FASTQC_TRIM,m5zn.2xlarge,3.406717624407702
nfcore/viralrecon:2.1,NFCORE_VIRALRECON:ILLUMINA:FASTQC_FASTP:FASTQC_TRIM,c5a.2xlarge,5.367552350302012
nfcore/viralrecon:2.1,NFCORE_VIRALRECON:ILLUMINA:FASTQC_FASTP:FASTQC_TRIM,z1d.2xlarge,7.6488248008318385
nfcore/viralrecon:2.1,NFCORE_VIRALRECON:ILLUMINA:FASTQC_FASTP:FASTQC_TRIM,z1d.xlarge,6.59831364872688
nfcore/viralrecon:2.1,NFCORE_VIRALRECON:ILLUMINA:FASTQC_FASTP:FASTQC_TRIM,c5.xlarge,8.049757351050559
nfcore/viralrecon:2.1,NFCORE_VIRALRECON:ILLUMINA:FASTQC_FASTP:FASTQC_TRIM,d3.xlarge,12.199957938040264
nfcore/viralrecon:2.1,NFCORE_VIRALRECON:ILLUMINA:FASTQC_FASTP:FASTQC_TRIM,m5.large,13.749660235573117
nfcore/viralrecon:2.1,NFCORE_VIRALRECON:ILLUMINA:FASTQC_FASTP:FASTQC_TRIM,r5.large,13.888696945518493
nfcore/viralrecon:2.1,NFCORE_VIRALRECON:ILLUMINA:FASTQC_FASTP:FASTQC_TRIM,r5.xlarge,15.584961453510385
nfcore/viralrecon:2.1,NFCORE_VIRALRECON:ILLUMINA:FASTQC_FASTP:FASTQC_TRIM,d3.2xlarge,13.40894338913241
nfcore/viralrecon:2.1,NFCORE_VIRALRECON:ILLUMINA:FASTQC_FASTP:FASTQC_TRIM,m5.xlarge,15.892062469382697
nfcore/viralrecon:2.1,NFCORE_VIRALRECON:ILLUMINA:FASTQC_FASTP:FASTQC_TRIM,r5.2xlarge,15.189232575991753
nfcore/viralrecon:2.1,NFCORE_VIRALRECON:ILLUMINA:FASTQC_FASTP:FASTQC_TRIM,m5.2xlarge,15.343110031220231
nfcore/viralrecon:2.1,NFCORE_VIRALRECON:ILLUMINA:FASTQC_FASTP:FASTQC_TRIM,r5a.xlarge,21.896144774214285
nfcore/viralrecon:2.1,NFCORE_VIRALRECON:ILLUMINA:FASTQC_FASTP:FASTQC_TRIM,r5a.large,21.336895671341303
nfcore/viralrecon:2.1,NFCORE_VIRALRECON:ILLUMINA:FASTQC_FASTP:FASTQC_TRIM,m5a.2xlarge,22.4462638756916
nfcore/viralrecon:2.1,NFCORE_VIRALRECON:ILLUMINA:FASTQC_FASTP:FASTQC_TRIM,m5a.xlarge,22.05091980534212
nfcore/viralrecon:2.1,NFCORE_VIRALRECON:ILLUMINA:FASTQC_FASTP:FASTQC_TRIM,i3.2xlarge,21.55512198113135
nfcore/viralrecon:2.1,NFCORE_VIRALRECON:ILLUMINA:FASTQC_FASTP:FASTQC_TRIM,m5a.large,22.5004493462485
nfcore/viralrecon:2.1,NFCORE_VIRALRECON:ILLUMINA:FASTQC_FASTP:FASTQC_TRIM,r5a.2xlarge,23.188743270691393
nfcore/viralrecon:2.1,NFCORE_VIRALRECON:ILLUMINA:FASTQC_FASTP:FASTQC_TRIM,i3.large,25.33930537981872
nfcore/viralrecon:2.1,NFCORE_VIRALRECON:ILLUMINA:FASTQC_FASTP:FASTQC_TRIM,i3.xlarge,26.933054848817655
nfcore/viralrecon:2.1,NFCORE_VIRALRECON:ILLUMINA:KRAKEN2_RUN,m5zn.2xlarge,3.2538628553313913
nfcore/viralrecon:2.1,NFCORE_VIRALRECON:ILLUMINA:KRAKEN2_RUN,c5a.2xlarge,3.9629167437786563
nfcore/viralrecon:2.1,NFCORE_VIRALRECON:ILLUMINA:KRAKEN2_RUN,c5.2xlarge,1.5859788978707519
nfcore/viralrecon:2.1,NFCORE_VIRALRECON:ILLUMINA:KRAKEN2_RUN,m5zn.large,3.9584203810773486
nfcore/viralrecon:2.1,NFCORE_VIRALRECON:ILLUMINA:KRAKEN2_RUN,z1d.xlarge,6.239785172836416
nfcore/viralrecon:2.1,NFCORE_VIRALRECON:ILLUMINA:KRAKEN2_RUN,c5a.xlarge,3.563501144832597
nfcore/viralrecon:2.1,NFCORE_VIRALRECON:ILLUMINA:KRAKEN2_RUN,c5.xlarge,6.170990858697325
nfcore/viralrecon:2.1,NFCORE_VIRALRECON:ILLUMINA:KRAKEN2_RUN,m5zn.xlarge,4.375440377205183
nfcore/viralrecon:2.1,NFCORE_VIRALRECON:ILLUMINA:KRAKEN2_RUN,z1d.2xlarge,8.502949379498649
nfcore/viralrecon:2.1,NFCORE_VIRALRECON:ILLUMINA:KRAKEN2_RUN,z1d.large,8.993279869620714
nfcore/viralrecon:2.1,NFCORE_VIRALRECON:ILLUMINA:KRAKEN2_RUN,d3.2xlarge,13.08444950600617
nfcore/viralrecon:2.1,NFCORE_VIRALRECON:ILLUMINA:KRAKEN2_RUN,d3.xlarge,11.814426966406366
nfcore/viralrecon:2.1,NFCORE_VIRALRECON:ILLUMINA:KRAKEN2_RUN,r5.2xlarge,12.985879547708322
nfcore/viralrecon:2.1,NFCORE_VIRALRECON:ILLUMINA:KRAKEN2_RUN,m5.large,14.466462810137166
nfcore/viralrecon:2.1,NFCORE_VIRALRECON:ILLUMINA:KRAKEN2_RUN,m5.xlarge,13.966259621212181
nfcore/viralrecon:2.1,NFCORE_VIRALRECON:ILLUMINA:KRAKEN2_RUN,m5.2xlarge,13.973912237945711
nfcore/viralrecon:2.1,NFCORE_VIRALRECON:ILLUMINA:KRAKEN2_RUN,r5.xlarge,15.349418845081967
nfcore/viralrecon:2.1,NFCORE_VIRALRECON:ILLUMINA:KRAKEN2_RUN,r5.large,15.702540501868452
nfcore/viralrecon:2.1,NFCORE_VIRALRECON:ILLUMINA:KRAKEN2_RUN,m5a.2xlarge,21.85010531933237
nfcore/viralrecon:2.1,NFCORE_VIRALRECON:ILLUMINA:KRAKEN2_RUN,r5a.xlarge,20.603732671087073
nfcore/viralrecon:2.1,NFCORE_VIRALRECON:ILLUMINA:KRAKEN2_RUN,r5a.large,20.723007060367536
nfcore/viralrecon:2.1,NFCORE_VIRALRECON:ILLUMINA:KRAKEN2_RUN,i3.large,22.37642965989879
nfcore/viralrecon:2.1,NFCORE_VIRALRECON:ILLUMINA:KRAKEN2_RUN,i3.2xlarge,22.38300789968502
nfcore/viralrecon:2.1,NFCORE_VIRALRECON:ILLUMINA:KRAKEN2_RUN,m5a.large,21.133612399800747
nfcore/viralrecon:2.1,NFCORE_VIRALRECON:ILLUMINA:KRAKEN2_RUN,m5a.xlarge,22.6383966780316
nfcore/viralrecon:2.1,NFCORE_VIRALRECON:ILLUMINA:KRAKEN2_RUN,i3.xlarge,24.115392130802974
nfcore/viralrecon:2.1,NFCORE_VIRALRECON:ILLUMINA:KRAKEN2_RUN,r5a.2xlarge,25.469470032759286
nfcore/viralrecon:2.1,NFCORE_VIRALRECON:ILLUMINA:MULTIQC,m5zn.2xlarge,5.205827021176932
nfcore/viralrecon:2.1,NFCORE_VIRALRECON:ILLUMINA:MULTIQC,m5zn.large,0.9562230695178284
nfcore/viralrecon:2.1,NFCORE_VIRALRECON:ILLUMINA:MULTIQC,m5zn.xlarge,4.134245191398532
nfcore/viralrecon:2.1,NFCORE_VIRALRECON:ILLUMINA:MULTIQC,z1d.2xlarge,7.79469844045891
nfcore/viralrecon:2.1,NFCORE_VIRALRECON:ILLUMINA:MULTIQC,z1d.large,3.146455848726114
nfcore/viralrecon:2.1,NFCORE_VIRALRECON:ILLUMINA:MULTIQC,z1d.xlarge,6.747008169922933
nfcore/viralrecon:2.1,NFCORE_VIRALRECON:ILLUMINA:MULTIQC,c5.2xlarge,5.805459754982114
nfcore/viralrecon:2.1,NFCORE_VIRALRECON:ILLUMINA:MULTIQC,c5.xlarge,10.039417269683394
nfcore/viralrecon:2.1,NFCORE_VIRALRECON:ILLUMINA:MULTIQC,d3.2xlarge,16.212552492330232
nfcore/viralrecon:2.1,NFCORE_VIRALRECON:ILLUMINA:MULTIQC,d3.xlarge,12.152200581015965
nfcore/viralrecon:2.1,NFCORE_VIRALRECON:ILLUMINA:MULTIQC,m5.2xlarge,17.67180147865287
nfcore/viralrecon:2.1,NFCORE_VIRALRECON:ILLUMINA:MULTIQC,r5.large,10.677549817579312
nfcore/viralrecon:2.1,NFCORE_VIRALRECON:ILLUMINA:MULTIQC,r5.2xlarge,17.282745827560202
nfcore/viralrecon:2.1,NFCORE_VIRALRECON:ILLUMINA:MULTIQC,m5.large,9.575084112908097
nfcore/viralrecon:2.1,NFCORE_VIRALRECON:ILLUMINA:MULTIQC,m5.xlarge,14.018087748201335
nfcore/viralrecon:2.1,NFCORE_VIRALRECON:ILLUMINA:MULTIQC,r5.xlarge,15.720967789496513
nfcore/viralrecon:2.1,NFCORE_VIRALRECON:ILLUMINA:MULTIQC,c5a.2xlarge,9.14595201175353
nfcore/viralrecon:2.1,NFCORE_VIRALRECON:ILLUMINA:MULTIQC,c5a.xlarge,7.737170148849169
nfcore/viralrecon:2.1,NFCORE_VIRALRECON:ILLUMINA:MULTIQC,i3.2xlarge,23.70086089480623
nfcore/viralrecon:2.1,NFCORE_VIRALRECON:ILLUMINA:MULTIQC,i3.large,18.72618669869397
nfcore/viralrecon:2.1,NFCORE_VIRALRECON:ILLUMINA:MULTIQC,i3.xlarge,22.95376968752948
nfcore/viralrecon:2.1,NFCORE_VIRALRECON:ILLUMINA:MULTIQC,m5a.2xlarge,24.90706866595777
nfcore/viralrecon:2.1,NFCORE_VIRALRECON:ILLUMINA:MULTIQC,r5a.2xlarge,25.668603554720466
nfcore/viralrecon:2.1,NFCORE_VIRALRECON:ILLUMINA:MULTIQC,m5a.large,18.92584229923439
nfcore/viralrecon:2.1,NFCORE_VIRALRECON:ILLUMINA:MULTIQC,r5a.large,19.439885427944137
nfcore/viralrecon:2.1,NFCORE_VIRALRECON:ILLUMINA:MULTIQC,m5a.xlarge,23.40948064612944
nfcore/viralrecon:2.1,NFCORE_VIRALRECON:ILLUMINA:MULTIQC,r5a.xlarge,22.650220135485153
nfcore/viralrecon:2.1,NFCORE_VIRALRECON:ILLUMINA:PICARD_COLLECTMULTIPLEMETRICS,m5zn.xlarge,4.733754899461522
nfcore/viralrecon:2.1,NFCORE_VIRALRECON:ILLUMINA:PICARD_COLLECTMULTIPLEMETRICS,m5zn.large,3.498986869676786
nfcore/viralrecon:2.1,NFCORE_VIRALRECON:ILLUMINA:PICARD_COLLECTMULTIPLEMETRICS,z1d.large,7.135232272989046
nfcore/viralrecon:2.1,NFCORE_VIRALRECON:ILLUMINA:PICARD_COLLECTMULTIPLEMETRICS,m5zn.2xlarge,4.745283800364038
nfcore/viralrecon:2.1,NFCORE_VIRALRECON:ILLUMINA:PICARD_COLLECTMULTIPLEMETRICS,c5a.2xlarge,4.778720283595908
nfcore/viralrecon:2.1,NFCORE_VIRALRECON:ILLUMINA:PICARD_COLLECTMULTIPLEMETRICS,c5.2xlarge,3.8449017702257944
nfcore/viralrecon:2.1,NFCORE_VIRALRECON:ILLUMINA:PICARD_COLLECTMULTIPLEMETRICS,c5a.xlarge,4.097489100939811
nfcore/viralrecon:2.1,NFCORE_VIRALRECON:ILLUMINA:PICARD_COLLECTMULTIPLEMETRICS,z1d.2xlarge,8.2611802930575
nfcore/viralrecon:2.1,NFCORE_VIRALRECON:ILLUMINA:PICARD_COLLECTMULTIPLEMETRICS,z1d.xlarge,8.717396900761656
nfcore/viralrecon:2.1,NFCORE_VIRALRECON:ILLUMINA:PICARD_COLLECTMULTIPLEMETRICS,c5.xlarge,6.532510624234022
nfcore/viralrecon:2.1,NFCORE_VIRALRECON:ILLUMINA:PICARD_COLLECTMULTIPLEMETRICS,d3.xlarge,11.439329353879142
nfcore/viralrecon:2.1,NFCORE_VIRALRECON:ILLUMINA:PICARD_COLLECTMULTIPLEMETRICS,r5.xlarge,14.58315938459252
nfcore/viralrecon:2.1,NFCORE_VIRALRECON:ILLUMINA:PICARD_COLLECTMULTIPLEMETRICS,r5.large,14.148411203220828
nfcore/viralrecon:2.1,NFCORE_VIRALRECON:ILLUMINA:PICARD_COLLECTMULTIPLEMETRICS,m5.xlarge,14.4730818853647
nfcore/viralrecon:2.1,NFCORE_VIRALRECON:ILLUMINA:PICARD_COLLECTMULTIPLEMETRICS,d3.2xlarge,14.127551590339717
nfcore/viralrecon:2.1,NFCORE_VIRALRECON:ILLUMINA:PICARD_COLLECTMULTIPLEMETRICS,m5.large,13.94821509799391
nfcore/viralrecon:2.1,NFCORE_VIRALRECON:ILLUMINA:PICARD_COLLECTMULTIPLEMETRICS,m5.2xlarge,16.301908646964158
nfcore/viralrecon:2.1,NFCORE_VIRALRECON:ILLUMINA:PICARD_COLLECTMULTIPLEMETRICS,r5.2xlarge,16.240980867714928
nfcore/viralrecon:2.1,NFCORE_VIRALRECON:ILLUMINA:PICARD_COLLECTMULTIPLEMETRICS,m5a.xlarge,20.557755107679565
nfcore/viralrecon:2.1,NFCORE_VIRALRECON:ILLUMINA:PICARD_COLLECTMULTIPLEMETRICS,r5a.large,20.9314843408709
nfcore/viralrecon:2.1,NFCORE_VIRALRECON:ILLUMINA:PICARD_COLLECTMULTIPLEMETRICS,m5a.large,21.34165437996339
nfcore/viralrecon:2.1,NFCORE_VIRALRECON:ILLUMINA:PICARD_COLLECTMULTIPLEMETRICS,r5a.xlarge,21.78593633491287
nfcore/viralrecon:2.1,NFCORE_VIRALRECON:ILLUMINA:PICARD_COLLECTMULTIPLEMETRICS,i3.xlarge,24.332134936550187
nfcore/viralrecon:2.1,NFCORE_VIRALRECON:ILLUMINA:PICARD_COLLECTMULTIPLEMETRICS,m5a.2xlarge,23.576646669418583
nfcore/viralrecon:2.1,NFCORE_VIRALRECON:ILLUMINA:PICARD_COLLECTMULTIPLEMETRICS,i3.large,24.451125010047225
nfcore/viralrecon:2.1,NFCORE_VIRALRECON:ILLUMINA:PICARD_COLLECTMULTIPLEMETRICS,r5a.2xlarge,25.595916608258975
nfcore/viralrecon:2.1,NFCORE_VIRALRECON:ILLUMINA:PICARD_COLLECTMULTIPLEMETRICS,i3.2xlarge,25.368641409338622
nfcore/viralrecon:2.1,NFCORE_VIRALRECON:ILLUMINA:PLOT_MOSDEPTH_REGIONS_AMPLICON,m5zn.large,1.2625140586238812
nfcore/viralrecon:2.1,NFCORE_VIRALRECON:ILLUMINA:PLOT_MOSDEPTH_REGIONS_AMPLICON,z1d.xlarge,6.551596192946348
nfcore/viralrecon:2.1,NFCORE_VIRALRECON:ILLUMINA:PLOT_MOSDEPTH_REGIONS_AMPLICON,z1d.large,2.524770393196377
nfcore/viralrecon:2.1,NFCORE_VIRALRECON:ILLUMINA:PLOT_MOSDEPTH_REGIONS_AMPLICON,m5zn.xlarge,2.785230506388447
nfcore/viralrecon:2.1,NFCORE_VIRALRECON:ILLUMINA:PLOT_MOSDEPTH_REGIONS_AMPLICON,c5.2xlarge,5.6889442866206705
nfcore/viralrecon:2.1,NFCORE_VIRALRECON:ILLUMINA:PLOT_MOSDEPTH_REGIONS_AMPLICON,m5zn.2xlarge,4.698901769767224
nfcore/viralrecon:2.1,NFCORE_VIRALRECON:ILLUMINA:PLOT_MOSDEPTH_REGIONS_AMPLICON,z1d.2xlarge,7.153100594358679
nfcore/viralrecon:2.1,NFCORE_VIRALRECON:ILLUMINA:PLOT_MOSDEPTH_REGIONS_AMPLICON,c5a.2xlarge,7.619540612079759
nfcore/viralrecon:2.1,NFCORE_VIRALRECON:ILLUMINA:PLOT_MOSDEPTH_REGIONS_AMPLICON,c5a.xlarge,6.209163248600464
nfcore/viralrecon:2.1,NFCORE_VIRALRECON:ILLUMINA:PLOT_MOSDEPTH_REGIONS_AMPLICON,m5.large,9.794785594041635
nfcore/viralrecon:2.1,NFCORE_VIRALRECON:ILLUMINA:PLOT_MOSDEPTH_REGIONS_AMPLICON,d3.xlarge,11.276453142244456
nfcore/viralrecon:2.1,NFCORE_VIRALRECON:ILLUMINA:PLOT_MOSDEPTH_REGIONS_AMPLICON,r5.large,10.173823968241049
nfcore/viralrecon:2.1,NFCORE_VIRALRECON:ILLUMINA:PLOT_MOSDEPTH_REGIONS_AMPLICON,r5.2xlarge,16.35377338826983
nfcore/viralrecon:2.1,NFCORE_VIRALRECON:ILLUMINA:PLOT_MOSDEPTH_REGIONS_AMPLICON,c5.xlarge,10.09200673315856
nfcore/viralrecon:2.1,NFCORE_VIRALRECON:ILLUMINA:PLOT_MOSDEPTH_REGIONS_AMPLICON,m5.2xlarge,17.086434972603627
nfcore/viralrecon:2.1,NFCORE_VIRALRECON:ILLUMINA:PLOT_MOSDEPTH_REGIONS_AMPLICON,m5.xlarge,13.566004012277176
nfcore/viralrecon:2.1,NFCORE_VIRALRECON:ILLUMINA:PLOT_MOSDEPTH_REGIONS_AMPLICON,r5.xlarge,15.55545138539004
nfcore/viralrecon:2.1,NFCORE_VIRALRECON:ILLUMINA:PLOT_MOSDEPTH_REGIONS_AMPLICON,d3.2xlarge,17.383834654711073
nfcore/viralrecon:2.1,NFCORE_VIRALRECON:ILLUMINA:PLOT_MOSDEPTH_REGIONS_AMPLICON,m5a.large,18.88657001052505
nfcore/viralrecon:2.1,NFCORE_VIRALRECON:ILLUMINA:PLOT_MOSDEPTH_REGIONS_AMPLICON,i3.large,19.140474237700992
nfcore/viralrecon:2.1,NFCORE_VIRALRECON:ILLUMINA:PLOT_MOSDEPTH_REGIONS_AMPLICON,r5a.large,18.26196153834876
nfcore/viralrecon:2.1,NFCORE_VIRALRECON:ILLUMINA:PLOT_MOSDEPTH_REGIONS_AMPLICON,r5a.xlarge,22.628612590822073
nfcore/viralrecon:2.1,NFCORE_VIRALRECON:ILLUMINA:PLOT_MOSDEPTH_REGIONS_AMPLICON,m5a.xlarge,22.000651104632567
nfcore/viralrecon:2.1,NFCORE_VIRALRECON:ILLUMINA:PLOT_MOSDEPTH_REGIONS_AMPLICON,i3.xlarge,24.069210268459866
nfcore/viralrecon:2.1,NFCORE_VIRALRECON:ILLUMINA:PLOT_MOSDEPTH_REGIONS_AMPLICON,m5a.2xlarge,25.464219822698063
nfcore/viralrecon:2.1,NFCORE_VIRALRECON:ILLUMINA:PLOT_MOSDEPTH_REGIONS_AMPLICON,i3.2xlarge,24.911078352217814
nfcore/viralrecon:2.1,NFCORE_VIRALRECON:ILLUMINA:PLOT_MOSDEPTH_REGIONS_AMPLICON,r5a.2xlarge,25.784570991775798
nfcore/viralrecon:2.1,NFCORE_VIRALRECON:ILLUMINA:PLOT_MOSDEPTH_REGIONS_GENOME,m5zn.large,1.095665765217407
nfcore/viralrecon:2.1,NFCORE_VIRALRECON:ILLUMINA:PLOT_MOSDEPTH_REGIONS_GENOME,m5zn.xlarge,3.0517414206316715
nfcore/viralrecon:2.1,NFCORE_VIRALRECON:ILLUMINA:PLOT_MOSDEPTH_REGIONS_GENOME,z1d.xlarge,6.692245329683872
nfcore/viralrecon:2.1,NFCORE_VIRALRECON:ILLUMINA:PLOT_MOSDEPTH_REGIONS_GENOME,m5zn.2xlarge,5.13460060551816
nfcore/viralrecon:2.1,NFCORE_VIRALRECON:ILLUMINA:PLOT_MOSDEPTH_REGIONS_GENOME,z1d.large,2.379579413853315
nfcore/viralrecon:2.1,NFCORE_VIRALRECON:ILLUMINA:PLOT_MOSDEPTH_REGIONS_GENOME,z1d.2xlarge,7.342513694178478
nfcore/viralrecon:2.1,NFCORE_VIRALRECON:ILLUMINA:PLOT_MOSDEPTH_REGIONS_GENOME,c5a.xlarge,6.95134998118625
nfcore/viralrecon:2.1,NFCORE_VIRALRECON:ILLUMINA:PLOT_MOSDEPTH_REGIONS_GENOME,m5.xlarge,13.681049113421874
nfcore/viralrecon:2.1,NFCORE_VIRALRECON:ILLUMINA:PLOT_MOSDEPTH_REGIONS_GENOME,c5.2xlarge,5.805367642182406
nfcore/viralrecon:2.1,NFCORE_VIRALRECON:ILLUMINA:PLOT_MOSDEPTH_REGIONS_GENOME,c5a.2xlarge,7.555091284997105
nfcore/viralrecon:2.1,NFCORE_VIRALRECON:ILLUMINA:PLOT_MOSDEPTH_REGIONS_GENOME,m5.large,9.44260431124578
nfcore/viralrecon:2.1,NFCORE_VIRALRECON:ILLUMINA:PLOT_MOSDEPTH_REGIONS_GENOME,r5.large,10.069932508761696
nfcore/viralrecon:2.1,NFCORE_VIRALRECON:ILLUMINA:PLOT_MOSDEPTH_REGIONS_GENOME,d3.xlarge,11.38214105795814
nfcore/viralrecon:2.1,NFCORE_VIRALRECON:ILLUMINA:PLOT_MOSDEPTH_REGIONS_GENOME,c5.xlarge,10.23568236376699
nfcore/viralrecon:2.1,NFCORE_VIRALRECON:ILLUMINA:PLOT_MOSDEPTH_REGIONS_GENOME,r5.2xlarge,16.4405159619872
nfcore/viralrecon:2.1,NFCORE_VIRALRECON:ILLUMINA:PLOT_MOSDEPTH_REGIONS_GENOME,r5.xlarge,15.855847514457142
nfcore/viralrecon:2.1,NFCORE_VIRALRECON:ILLUMINA:PLOT_MOSDEPTH_REGIONS_GENOME,m5.2xlarge,17.24129927334294
nfcore/viralrecon:2.1,NFCORE_VIRALRECON:ILLUMINA:PLOT_MOSDEPTH_REGIONS_GENOME,d3.2xlarge,17.43266718406686
nfcore/viralrecon:2.1,NFCORE_VIRALRECON:ILLUMINA:PLOT_MOSDEPTH_REGIONS_GENOME,r5a.large,18.055185407844696
nfcore/viralrecon:2.1,NFCORE_VIRALRECON:ILLUMINA:PLOT_MOSDEPTH_REGIONS_GENOME,m5a.xlarge,22.13000020758697
nfcore/viralrecon:2.1,NFCORE_VIRALRECON:ILLUMINA:PLOT_MOSDEPTH_REGIONS_GENOME,r5a.xlarge,22.65449802779144
nfcore/viralrecon:2.1,NFCORE_VIRALRECON:ILLUMINA:PLOT_MOSDEPTH_REGIONS_GENOME,i3.large,18.99842951003892
nfcore/viralrecon:2.1,NFCORE_VIRALRECON:ILLUMINA:PLOT_MOSDEPTH_REGIONS_GENOME,m5a.large,18.670709471107216
nfcore/viralrecon:2.1,NFCORE_VIRALRECON:ILLUMINA:PLOT_MOSDEPTH_REGIONS_GENOME,i3.xlarge,24.022406177450314
nfcore/viralrecon:2.1,NFCORE_VIRALRECON:ILLUMINA:PLOT_MOSDEPTH_REGIONS_GENOME,r5a.2xlarge,25.774238094560197
nfcore/viralrecon:2.1,NFCORE_VIRALRECON:ILLUMINA:PLOT_MOSDEPTH_REGIONS_GENOME,i3.2xlarge,24.902302798677457
nfcore/viralrecon:2.1,NFCORE_VIRALRECON:ILLUMINA:PLOT_MOSDEPTH_REGIONS_GENOME,m5a.2xlarge,25.388825914623816
nfcore/viralrecon:2.1,NFCORE_VIRALRECON:ILLUMINA:PREPARE_GENOME:SNPEFF_BUILD,m5zn.2xlarge,2.6929047928810386
nfcore/viralrecon:2.1,NFCORE_VIRALRECON:ILLUMINA:PREPARE_GENOME:SNPEFF_BUILD,z1d.2xlarge,1.7494052212505364
nfcore/viralrecon:2.1,NFCORE_VIRALRECON:ILLUMINA:PREPARE_GENOME:SNPEFF_BUILD,c5a.2xlarge,3.695832984215966
nfcore/viralrecon:2.1,NFCORE_VIRALRECON:ILLUMINA:PREPARE_GENOME:SNPEFF_BUILD,i3.2xlarge,9.250837604160246
nfcore/viralrecon:2.1,NFCORE_VIRALRECON:ILLUMINA:PREPARE_GENOME:SNPEFF_BUILD,d3.2xlarge,6.3346668904734384
nfcore/viralrecon:2.1,NFCORE_VIRALRECON:ILLUMINA:PREPARE_GENOME:SNPEFF_BUILD,m5a.2xlarge,14.475683019158375
nfcore/viralrecon:2.1,NFCORE_VIRALRECON:ILLUMINA:PREPARE_GENOME:SNPEFF_BUILD,m5zn.xlarge,4.938034446402326
nfcore/viralrecon:2.1,NFCORE_VIRALRECON:ILLUMINA:PREPARE_GENOME:SNPEFF_BUILD,r5.xlarge,8.303443391029898
nfcore/viralrecon:2.1,NFCORE_VIRALRECON:ILLUMINA:PREPARE_GENOME:SNPEFF_BUILD,c5a.xlarge,7.687794081473295
nfcore/viralrecon:2.1,NFCORE_VIRALRECON:ILLUMINA:PREPARE_GENOME:SNPEFF_BUILD,c5.xlarge,6.345011657080755
nfcore/viralrecon:2.1,NFCORE_VIRALRECON:ILLUMINA:PREPARE_GENOME:SNPEFF_BUILD,r5.2xlarge,6.506752803583274
nfcore/viralrecon:2.1,NFCORE_VIRALRECON:ILLUMINA:PREPARE_GENOME:SNPEFF_BUILD,r5a.2xlarge,13.210282304107203
nfcore/viralrecon:2.1,NFCORE_VIRALRECON:ILLUMINA:PREPARE_GENOME:SNPEFF_BUILD,z1d.xlarge,3.2795819275308364
nfcore/viralrecon:2.1,NFCORE_VIRALRECON:ILLUMINA:PREPARE_GENOME:SNPEFF_BUILD,m5.xlarge,8.193332212118804
nfcore/viralrecon:2.1,NFCORE_VIRALRECON:ILLUMINA:PREPARE_GENOME:SNPEFF_BUILD,r5a.xlarge,18.471872752698275
nfcore/viralrecon:2.1,NFCORE_VIRALRECON:ILLUMINA:PREPARE_GENOME:SNPEFF_BUILD,m5zn.large,9.662901066452743
nfcore/viralrecon:2.1,NFCORE_VIRALRECON:ILLUMINA:PREPARE_GENOME:SNPEFF_BUILD,c5.2xlarge,9.2310318450246
nfcore/viralrecon:2.1,NFCORE_VIRALRECON:ILLUMINA:PREPARE_GENOME:SNPEFF_BUILD,r5.large,17.02956363788798
nfcore/viralrecon:2.1,NFCORE_VIRALRECON:ILLUMINA:PREPARE_GENOME:SNPEFF_BUILD,m5.large,17.86873079673483
nfcore/viralrecon:2.1,NFCORE_VIRALRECON:ILLUMINA:PREPARE_GENOME:SNPEFF_BUILD,d3.xlarge,15.74954839516407
nfcore/viralrecon:2.1,NFCORE_VIRALRECON:ILLUMINA:PREPARE_GENOME:SNPEFF_BUILD,i3.xlarge,21.49004938373364
nfcore/viralrecon:2.1,NFCORE_VIRALRECON:ILLUMINA:PREPARE_GENOME:SNPEFF_BUILD,m5a.xlarge,19.674584083607755
nfcore/viralrecon:2.1,NFCORE_VIRALRECON:ILLUMINA:PREPARE_GENOME:SNPEFF_BUILD,i3.large,20.52909757844104
nfcore/viralrecon:2.1,NFCORE_VIRALRECON:ILLUMINA:PREPARE_GENOME:SNPEFF_BUILD,z1d.large,17.354654874536322
nfcore/viralrecon:2.1,NFCORE_VIRALRECON:ILLUMINA:PREPARE_GENOME:SNPEFF_BUILD,m5a.large,24.394898079921738
nfcore/viralrecon:2.1,NFCORE_VIRALRECON:ILLUMINA:PREPARE_GENOME:SNPEFF_BUILD,m5.2xlarge,17.010856242216445
nfcore/viralrecon:2.1,NFCORE_VIRALRECON:ILLUMINA:PREPARE_GENOME:SNPEFF_BUILD,r5a.large,26.177197982753476
nfcore/viralrecon:2.1,NFCORE_VIRALRECON:ILLUMINA:PRIMER_TRIM_IVAR:IVAR_TRIM,m5zn.large,1.0418400714174938
nfcore/viralrecon:2.1,NFCORE_VIRALRECON:ILLUMINA:PRIMER_TRIM_IVAR:IVAR_TRIM,z1d.large,2.5600674067031592
nfcore/viralrecon:2.1,NFCORE_VIRALRECON:ILLUMINA:PRIMER_TRIM_IVAR:IVAR_TRIM,c5.2xlarge,5.170792424873988
nfcore/viralrecon:2.1,NFCORE_VIRALRECON:ILLUMINA:PRIMER_TRIM_IVAR:IVAR_TRIM,m5zn.xlarge,3.5283979711166076
nfcore/viralrecon:2.1,NFCORE_VIRALRECON:ILLUMINA:PRIMER_TRIM_IVAR:IVAR_TRIM,z1d.xlarge,6.905021081766484
nfcore/viralrecon:2.1,NFCORE_VIRALRECON:ILLUMINA:PRIMER_TRIM_IVAR:IVAR_TRIM,c5.xlarge,9.194367088465047
nfcore/viralrecon:2.1,NFCORE_VIRALRECON:ILLUMINA:PRIMER_TRIM_IVAR:IVAR_TRIM,m5.large,8.482400820164482
nfcore/viralrecon:2.1,NFCORE_VIRALRECON:ILLUMINA:PRIMER_TRIM_IVAR:IVAR_TRIM,d3.xlarge,11.673159494537103
nfcore/viralrecon:2.1,NFCORE_VIRALRECON:ILLUMINA:PRIMER_TRIM_IVAR:IVAR_TRIM,m5zn.2xlarge,6.413730182166996
nfcore/viralrecon:2.1,NFCORE_VIRALRECON:ILLUMINA:PRIMER_TRIM_IVAR:IVAR_TRIM,r5.large,10.358836824137601
nfcore/viralrecon:2.1,NFCORE_VIRALRECON:ILLUMINA:PRIMER_TRIM_IVAR:IVAR_TRIM,z1d.2xlarge,9.53645840346472
nfcore/viralrecon:2.1,NFCORE_VIRALRECON:ILLUMINA:PRIMER_TRIM_IVAR:IVAR_TRIM,c5a.2xlarge,9.29508047537664
nfcore/viralrecon:2.1,NFCORE_VIRALRECON:ILLUMINA:PRIMER_TRIM_IVAR:IVAR_TRIM,m5.2xlarge,17.681592731658572
nfcore/viralrecon:2.1,NFCORE_VIRALRECON:ILLUMINA:PRIMER_TRIM_IVAR:IVAR_TRIM,c5a.xlarge,10.222016883456767
nfcore/viralrecon:2.1,NFCORE_VIRALRECON:ILLUMINA:PRIMER_TRIM_IVAR:IVAR_TRIM,m5.xlarge,13.794596762174713
nfcore/viralrecon:2.1,NFCORE_VIRALRECON:ILLUMINA:PRIMER_TRIM_IVAR:IVAR_TRIM,r5.2xlarge,17.948728941492966
nfcore/viralrecon:2.1,NFCORE_VIRALRECON:ILLUMINA:PRIMER_TRIM_IVAR:IVAR_TRIM,i3.large,16.632053555991945
nfcore/viralrecon:2.1,NFCORE_VIRALRECON:ILLUMINA:PRIMER_TRIM_IVAR:IVAR_TRIM,d3.2xlarge,18.77405665607244
nfcore/viralrecon:2.1,NFCORE_VIRALRECON:ILLUMINA:PRIMER_TRIM_IVAR:IVAR_TRIM,r5.xlarge,16.185036237729435
nfcore/viralrecon:2.1,NFCORE_VIRALRECON:ILLUMINA:PRIMER_TRIM_IVAR:IVAR_TRIM,m5a.large,18.59015899441025
nfcore/viralrecon:2.1,NFCORE_VIRALRECON:ILLUMINA:PRIMER_TRIM_IVAR:IVAR_TRIM,r5a.large,19.943556374820012
nfcore/viralrecon:2.1,NFCORE_VIRALRECON:ILLUMINA:PRIMER_TRIM_IVAR:IVAR_TRIM,i3.xlarge,21.677863365112263
nfcore/viralrecon:2.1,NFCORE_VIRALRECON:ILLUMINA:PRIMER_TRIM_IVAR:IVAR_TRIM,r5a.xlarge,22.292189285154535
nfcore/viralrecon:2.1,NFCORE_VIRALRECON:ILLUMINA:PRIMER_TRIM_IVAR:IVAR_TRIM,i3.2xlarge,24.29781969490934
nfcore/viralrecon:2.1,NFCORE_VIRALRECON:ILLUMINA:PRIMER_TRIM_IVAR:IVAR_TRIM,r5a.2xlarge,26.030279778339747
nfcore/viralrecon:2.1,NFCORE_VIRALRECON:ILLUMINA:PRIMER_TRIM_IVAR:IVAR_TRIM,m5a.2xlarge,25.628007776069403
nfcore/viralrecon:2.1,NFCORE_VIRALRECON:ILLUMINA:PRIMER_TRIM_IVAR:IVAR_TRIM,m5a.xlarge,23.943158410155043
nfcore/viralrecon:2.1,NFCORE_VIRALRECON:ILLUMINA:VARIANTS_BCFTOOLS:ASCIIGENOME,m5zn.2xlarge,2.972528194816902
nfcore/viralrecon:2.1,NFCORE_VIRALRECON:ILLUMINA:VARIANTS_BCFTOOLS:ASCIIGENOME,m5zn.xlarge,1.4740806854061583
nfcore/viralrecon:2.1,NFCORE_VIRALRECON:ILLUMINA:VARIANTS_BCFTOOLS:ASCIIGENOME,z1d.2xlarge,5.540899022883756
nfcore/viralrecon:2.1,NFCORE_VIRALRECON:ILLUMINA:VARIANTS_BCFTOOLS:ASCIIGENOME,c5.2xlarge,4.171139150897681
nfcore/viralrecon:2.1,NFCORE_VIRALRECON:ILLUMINA:VARIANTS_BCFTOOLS:ASCIIGENOME,z1d.xlarge,5.141445854046986
nfcore/viralrecon:2.1,NFCORE_VIRALRECON:ILLUMINA:VARIANTS_BCFTOOLS:ASCIIGENOME,c5a.2xlarge,5.65427400247665
nfcore/viralrecon:2.1,NFCORE_VIRALRECON:ILLUMINA:VARIANTS_BCFTOOLS:ASCIIGENOME,c5.xlarge,7.649667957272984
nfcore/viralrecon:2.1,NFCORE_VIRALRECON:ILLUMINA:VARIANTS_BCFTOOLS:ASCIIGENOME,c5a.xlarge,5.971581889115252
nfcore/viralrecon:2.1,NFCORE_VIRALRECON:ILLUMINA:VARIANTS_BCFTOOLS:ASCIIGENOME,m5zn.large,6.532065716849746
nfcore/viralrecon:2.1,NFCORE_VIRALRECON:ILLUMINA:VARIANTS_BCFTOOLS:ASCIIGENOME,z1d.large,8.261154556195962
nfcore/viralrecon:2.1,NFCORE_VIRALRECON:ILLUMINA:VARIANTS_BCFTOOLS:ASCIIGENOME,d3.xlarge,12.432865070772188
nfcore/viralrecon:2.1,NFCORE_VIRALRECON:ILLUMINA:VARIANTS_BCFTOOLS:ASCIIGENOME,m5.2xlarge,14.40563366828361
nfcore/viralrecon:2.1,NFCORE_VIRALRECON:ILLUMINA:VARIANTS_BCFTOOLS:ASCIIGENOME,d3.2xlarge,13.316765991576816
nfcore/viralrecon:2.1,NFCORE_VIRALRECON:ILLUMINA:VARIANTS_BCFTOOLS:ASCIIGENOME,r5.2xlarge,13.953085852440587
nfcore/viralrecon:2.1,NFCORE_VIRALRECON:ILLUMINA:VARIANTS_BCFTOOLS:ASCIIGENOME,m5.xlarge,14.742949129107075
nfcore/viralrecon:2.1,NFCORE_VIRALRECON:ILLUMINA:VARIANTS_BCFTOOLS:ASCIIGENOME,r5.xlarge,15.434419021562917
nfcore/viralrecon:2.1,NFCORE_VIRALRECON:ILLUMINA:VARIANTS_BCFTOOLS:ASCIIGENOME,r5.large,16.033892831847055
nfcore/viralrecon:2.1,NFCORE_VIRALRECON:ILLUMINA:VARIANTS_BCFTOOLS:ASCIIGENOME,m5.large,16.34662284774911
nfcore/viralrecon:2.1,NFCORE_VIRALRECON:ILLUMINA:VARIANTS_BCFTOOLS:ASCIIGENOME,i3.2xlarge,21.763362207342784
nfcore/viralrecon:2.1,NFCORE_VIRALRECON:ILLUMINA:VARIANTS_BCFTOOLS:ASCIIGENOME,m5a.xlarge,21.237032058747985
nfcore/viralrecon:2.1,NFCORE_VIRALRECON:ILLUMINA:VARIANTS_BCFTOOLS:ASCIIGENOME,r5a.xlarge,21.174741268334962
nfcore/viralrecon:2.1,NFCORE_VIRALRECON:ILLUMINA:VARIANTS_BCFTOOLS:ASCIIGENOME,i3.xlarge,23.9045804067185
nfcore/viralrecon:2.1,NFCORE_VIRALRECON:ILLUMINA:VARIANTS_BCFTOOLS:ASCIIGENOME,m5a.2xlarge,22.58331534552908
nfcore/viralrecon:2.1,NFCORE_VIRALRECON:ILLUMINA:VARIANTS_BCFTOOLS:ASCIIGENOME,r5a.2xlarge,23.437884896971312
nfcore/viralrecon:2.1,NFCORE_VIRALRECON:ILLUMINA:VARIANTS_BCFTOOLS:ASCIIGENOME,m5a.large,22.068800380844465
nfcore/viralrecon:2.1,NFCORE_VIRALRECON:ILLUMINA:VARIANTS_BCFTOOLS:ASCIIGENOME,r5a.large,22.784077912079784
nfcore/viralrecon:2.1,NFCORE_VIRALRECON:ILLUMINA:VARIANTS_BCFTOOLS:ASCIIGENOME,i3.large,26.741692417839662
nfcore/viralrecon:2.1,NFCORE_VIRALRECON:ILLUMINA:VARIANTS_BCFTOOLS:MAKE_CONSENSUS:PLOT_BASE_DENSITY,m5zn.large,1.4790494307968247
nfcore/viralrecon:2.1,NFCORE_VIRALRECON:ILLUMINA:VARIANTS_BCFTOOLS:MAKE_CONSENSUS:PLOT_BASE_DENSITY,z1d.large,2.358266061461708
nfcore/viralrecon:2.1,NFCORE_VIRALRECON:ILLUMINA:VARIANTS_BCFTOOLS:MAKE_CONSENSUS:PLOT_BASE_DENSITY,m5zn.xlarge,3.003035020411426
nfcore/viralrecon:2.1,NFCORE_VIRALRECON:ILLUMINA:VARIANTS_BCFTOOLS:MAKE_CONSENSUS:PLOT_BASE_DENSITY,m5zn.2xlarge,4.4354294460772055
nfcore/viralrecon:2.1,NFCORE_VIRALRECON:ILLUMINA:VARIANTS_BCFTOOLS:MAKE_CONSENSUS:PLOT_BASE_DENSITY,c5a.xlarge,5.95402118962978
nfcore/viralrecon:2.1,NFCORE_VIRALRECON:ILLUMINA:VARIANTS_BCFTOOLS:MAKE_CONSENSUS:PLOT_BASE_DENSITY,c5a.2xlarge,7.11418355262581
nfcore/viralrecon:2.1,NFCORE_VIRALRECON:ILLUMINA:VARIANTS_BCFTOOLS:MAKE_CONSENSUS:PLOT_BASE_DENSITY,c5.2xlarge,5.655391550501279
nfcore/viralrecon:2.1,NFCORE_VIRALRECON:ILLUMINA:VARIANTS_BCFTOOLS:MAKE_CONSENSUS:PLOT_BASE_DENSITY,z1d.2xlarge,6.976218730689896
nfcore/viralrecon:2.1,NFCORE_VIRALRECON:ILLUMINA:VARIANTS_BCFTOOLS:MAKE_CONSENSUS:PLOT_BASE_DENSITY,z1d.xlarge,7.332497018316796
nfcore/viralrecon:2.1,NFCORE_VIRALRECON:ILLUMINA:VARIANTS_BCFTOOLS:MAKE_CONSENSUS:PLOT_BASE_DENSITY,c5.xlarge,10.37610700978233
nfcore/viralrecon:2.1,NFCORE_VIRALRECON:ILLUMINA:VARIANTS_BCFTOOLS:MAKE_CONSENSUS:PLOT_BASE_DENSITY,d3.xlarge,11.636279108579188
nfcore/viralrecon:2.1,NFCORE_VIRALRECON:ILLUMINA:VARIANTS_BCFTOOLS:MAKE_CONSENSUS:PLOT_BASE_DENSITY,m5.large,9.872022250373199
nfcore/viralrecon:2.1,NFCORE_VIRALRECON:ILLUMINA:VARIANTS_BCFTOOLS:MAKE_CONSENSUS:PLOT_BASE_DENSITY,r5.large,10.155818118022346
nfcore/viralrecon:2.1,NFCORE_VIRALRECON:ILLUMINA:VARIANTS_BCFTOOLS:MAKE_CONSENSUS:PLOT_BASE_DENSITY,m5.xlarge,13.875091305474605
nfcore/viralrecon:2.1,NFCORE_VIRALRECON:ILLUMINA:VARIANTS_BCFTOOLS:MAKE_CONSENSUS:PLOT_BASE_DENSITY,r5.xlarge,15.684945571903913
nfcore/viralrecon:2.1,NFCORE_VIRALRECON:ILLUMINA:VARIANTS_BCFTOOLS:MAKE_CONSENSUS:PLOT_BASE_DENSITY,r5.2xlarge,16.043999082349753
nfcore/viralrecon:2.1,NFCORE_VIRALRECON:ILLUMINA:VARIANTS_BCFTOOLS:MAKE_CONSENSUS:PLOT_BASE_DENSITY,m5.2xlarge,16.788652047475498
nfcore/viralrecon:2.1,NFCORE_VIRALRECON:ILLUMINA:VARIANTS_BCFTOOLS:MAKE_CONSENSUS:PLOT_BASE_DENSITY,d3.2xlarge,17.507401316091848
nfcore/viralrecon:2.1,NFCORE_VIRALRECON:ILLUMINA:VARIANTS_BCFTOOLS:MAKE_CONSENSUS:PLOT_BASE_DENSITY,m5a.large,18.88089470175977
nfcore/viralrecon:2.1,NFCORE_VIRALRECON:ILLUMINA:VARIANTS_BCFTOOLS:MAKE_CONSENSUS:PLOT_BASE_DENSITY,r5a.large,18.124618168637134
nfcore/viralrecon:2.1,NFCORE_VIRALRECON:ILLUMINA:VARIANTS_BCFTOOLS:MAKE_CONSENSUS:PLOT_BASE_DENSITY,i3.large,19.195278020052143
nfcore/viralrecon:2.1,NFCORE_VIRALRECON:ILLUMINA:VARIANTS_BCFTOOLS:MAKE_CONSENSUS:PLOT_BASE_DENSITY,m5a.xlarge,22.168725016197712
nfcore/viralrecon:2.1,NFCORE_VIRALRECON:ILLUMINA:VARIANTS_BCFTOOLS:MAKE_CONSENSUS:PLOT_BASE_DENSITY,r5a.xlarge,22.632246719341413
nfcore/viralrecon:2.1,NFCORE_VIRALRECON:ILLUMINA:VARIANTS_BCFTOOLS:MAKE_CONSENSUS:PLOT_BASE_DENSITY,m5a.2xlarge,25.637799074481357
nfcore/viralrecon:2.1,NFCORE_VIRALRECON:ILLUMINA:VARIANTS_BCFTOOLS:MAKE_CONSENSUS:PLOT_BASE_DENSITY,i3.2xlarge,25.035727534883833
nfcore/viralrecon:2.1,NFCORE_VIRALRECON:ILLUMINA:VARIANTS_BCFTOOLS:MAKE_CONSENSUS:PLOT_BASE_DENSITY,i3.xlarge,24.186323951843494
nfcore/viralrecon:2.1,NFCORE_VIRALRECON:ILLUMINA:VARIANTS_BCFTOOLS:MAKE_CONSENSUS:PLOT_BASE_DENSITY,r5a.2xlarge,25.869022627617305
nfcore/viralrecon:2.1,NFCORE_VIRALRECON:ILLUMINA:VARIANTS_BCFTOOLS:NEXTCLADE,m5zn.2xlarge,3.0360423665792755
nfcore/viralrecon:2.1,NFCORE_VIRALRECON:ILLUMINA:VARIANTS_BCFTOOLS:NEXTCLADE,c5.2xlarge,4.189595067547672
nfcore/viralrecon:2.1,NFCORE_VIRALRECON:ILLUMINA:VARIANTS_BCFTOOLS:NEXTCLADE,m5zn.xlarge,4.415852565994414
nfcore/viralrecon:2.1,NFCORE_VIRALRECON:ILLUMINA:VARIANTS_BCFTOOLS:NEXTCLADE,c5a.xlarge,5.220971808688721
nfcore/viralrecon:2.1,NFCORE_VIRALRECON:ILLUMINA:VARIANTS_BCFTOOLS:NEXTCLADE,z1d.large,5.120476308838321
nfcore/viralrecon:2.1,NFCORE_VIRALRECON:ILLUMINA:VARIANTS_BCFTOOLS:NEXTCLADE,z1d.2xlarge,6.03301200535138
nfcore/viralrecon:2.1,NFCORE_VIRALRECON:ILLUMINA:VARIANTS_BCFTOOLS:NEXTCLADE,c5a.2xlarge,7.37487826525438
nfcore/viralrecon:2.1,NFCORE_VIRALRECON:ILLUMINA:VARIANTS_BCFTOOLS:NEXTCLADE,m5zn.large,2.7919359131736803
nfcore/viralrecon:2.1,NFCORE_VIRALRECON:ILLUMINA:VARIANTS_BCFTOOLS:NEXTCLADE,z1d.xlarge,6.652031587877633
nfcore/viralrecon:2.1,NFCORE_VIRALRECON:ILLUMINA:VARIANTS_BCFTOOLS:NEXTCLADE,r5.large,11.59832976150685
nfcore/viralrecon:2.1,NFCORE_VIRALRECON:ILLUMINA:VARIANTS_BCFTOOLS:NEXTCLADE,c5.xlarge,8.683886681386024
nfcore/viralrecon:2.1,NFCORE_VIRALRECON:ILLUMINA:VARIANTS_BCFTOOLS:NEXTCLADE,d3.xlarge,12.07872044834463
nfcore/viralrecon:2.1,NFCORE_VIRALRECON:ILLUMINA:VARIANTS_BCFTOOLS:NEXTCLADE,d3.2xlarge,15.318536005932625
nfcore/viralrecon:2.1,NFCORE_VIRALRECON:ILLUMINA:VARIANTS_BCFTOOLS:NEXTCLADE,r5.xlarge,15.145667680876816
nfcore/viralrecon:2.1,NFCORE_VIRALRECON:ILLUMINA:VARIANTS_BCFTOOLS:NEXTCLADE,m5.2xlarge,15.51278124715223
nfcore/viralrecon:2.1,NFCORE_VIRALRECON:ILLUMINA:VARIANTS_BCFTOOLS:NEXTCLADE,m5.xlarge,15.052703320022115
nfcore/viralrecon:2.1,NFCORE_VIRALRECON:ILLUMINA:VARIANTS_BCFTOOLS:NEXTCLADE,r5.2xlarge,15.076662259376299
nfcore/viralrecon:2.1,NFCORE_VIRALRECON:ILLUMINA:VARIANTS_BCFTOOLS:NEXTCLADE,m5.large,14.023484104111752
nfcore/viralrecon:2.1,NFCORE_VIRALRECON:ILLUMINA:VARIANTS_BCFTOOLS:NEXTCLADE,m5a.xlarge,21.33746183291041
nfcore/viralrecon:2.1,NFCORE_VIRALRECON:ILLUMINA:VARIANTS_BCFTOOLS:NEXTCLADE,i3.large,20.09152890480719
nfcore/viralrecon:2.1,NFCORE_VIRALRECON:ILLUMINA:VARIANTS_BCFTOOLS:NEXTCLADE,r5a.large,20.41187560282851
nfcore/viralrecon:2.1,NFCORE_VIRALRECON:ILLUMINA:VARIANTS_BCFTOOLS:NEXTCLADE,i3.2xlarge,24.24494496760401
nfcore/viralrecon:2.1,NFCORE_VIRALRECON:ILLUMINA:VARIANTS_BCFTOOLS:NEXTCLADE,m5a.2xlarge,23.89379582623989
nfcore/viralrecon:2.1,NFCORE_VIRALRECON:ILLUMINA:VARIANTS_BCFTOOLS:NEXTCLADE,m5a.large,20.05526501719703
nfcore/viralrecon:2.1,NFCORE_VIRALRECON:ILLUMINA:VARIANTS_BCFTOOLS:NEXTCLADE,r5a.2xlarge,24.883531253215533
nfcore/viralrecon:2.1,NFCORE_VIRALRECON:ILLUMINA:VARIANTS_BCFTOOLS:NEXTCLADE,r5a.xlarge,22.724491709350385
nfcore/viralrecon:2.1,NFCORE_VIRALRECON:ILLUMINA:VARIANTS_BCFTOOLS:NEXTCLADE,i3.xlarge,24.527771720550206
nfcore/viralrecon:2.1,NFCORE_VIRALRECON:ILLUMINA:VARIANTS_BCFTOOLS:PANGOLIN,m5zn.large,2.341094420853609
nfcore/viralrecon:2.1,NFCORE_VIRALRECON:ILLUMINA:VARIANTS_BCFTOOLS:PANGOLIN,m5zn.xlarge,2.798926283823338
nfcore/viralrecon:2.1,NFCORE_VIRALRECON:ILLUMINA:VARIANTS_BCFTOOLS:PANGOLIN,z1d.large,2.380648199152163
nfcore/viralrecon:2.1,NFCORE_VIRALRECON:ILLUMINA:VARIANTS_BCFTOOLS:PANGOLIN,m5zn.2xlarge,4.255828617869401
nfcore/viralrecon:2.1,NFCORE_VIRALRECON:ILLUMINA:VARIANTS_BCFTOOLS:PANGOLIN,z1d.xlarge,5.646672387794356
nfcore/viralrecon:2.1,NFCORE_VIRALRECON:ILLUMINA:VARIANTS_BCFTOOLS:PANGOLIN,c5.2xlarge,6.258293058951348
nfcore/viralrecon:2.1,NFCORE_VIRALRECON:ILLUMINA:VARIANTS_BCFTOOLS:PANGOLIN,z1d.2xlarge,7.6688597840568375
nfcore/viralrecon:2.1,NFCORE_VIRALRECON:ILLUMINA:VARIANTS_BCFTOOLS:PANGOLIN,c5a.xlarge,7.486968369656769
nfcore/viralrecon:2.1,NFCORE_VIRALRECON:ILLUMINA:VARIANTS_BCFTOOLS:PANGOLIN,c5a.2xlarge,7.772201084242526
nfcore/viralrecon:2.1,NFCORE_VIRALRECON:ILLUMINA:VARIANTS_BCFTOOLS:PANGOLIN,d3.xlarge,11.87406231482592
nfcore/viralrecon:2.1,NFCORE_VIRALRECON:ILLUMINA:VARIANTS_BCFTOOLS:PANGOLIN,c5.xlarge,10.084733945850441
nfcore/viralrecon:2.1,NFCORE_VIRALRECON:ILLUMINA:VARIANTS_BCFTOOLS:PANGOLIN,r5.large,11.060204584916796
nfcore/viralrecon:2.1,NFCORE_VIRALRECON:ILLUMINA:VARIANTS_BCFTOOLS:PANGOLIN,m5.large,11.858469849850621
nfcore/viralrecon:2.1,NFCORE_VIRALRECON:ILLUMINA:VARIANTS_BCFTOOLS:PANGOLIN,m5.xlarge,14.532938927895714
nfcore/viralrecon:2.1,NFCORE_VIRALRECON:ILLUMINA:VARIANTS_BCFTOOLS:PANGOLIN,r5.xlarge,15.379479209835036
nfcore/viralrecon:2.1,NFCORE_VIRALRECON:ILLUMINA:VARIANTS_BCFTOOLS:PANGOLIN,r5.2xlarge,17.032146348878342
nfcore/viralrecon:2.1,NFCORE_VIRALRECON:ILLUMINA:VARIANTS_BCFTOOLS:PANGOLIN,d3.2xlarge,16.686106356660346
nfcore/viralrecon:2.1,NFCORE_VIRALRECON:ILLUMINA:VARIANTS_BCFTOOLS:PANGOLIN,m5.2xlarge,17.492056700249506
nfcore/viralrecon:2.1,NFCORE_VIRALRECON:ILLUMINA:VARIANTS_BCFTOOLS:PANGOLIN,m5a.large,19.178409055699948
nfcore/viralrecon:2.1,NFCORE_VIRALRECON:ILLUMINA:VARIANTS_BCFTOOLS:PANGOLIN,r5a.large,19.001003444250173
nfcore/viralrecon:2.1,NFCORE_VIRALRECON:ILLUMINA:VARIANTS_BCFTOOLS:PANGOLIN,m5a.xlarge,22.291288237693237
nfcore/viralrecon:2.1,NFCORE_VIRALRECON:ILLUMINA:VARIANTS_BCFTOOLS:PANGOLIN,r5a.xlarge,21.90125120748575
nfcore/viralrecon:2.1,NFCORE_VIRALRECON:ILLUMINA:VARIANTS_BCFTOOLS:PANGOLIN,i3.large,20.683457996962094
nfcore/viralrecon:2.1,NFCORE_VIRALRECON:ILLUMINA:VARIANTS_BCFTOOLS:PANGOLIN,i3.2xlarge,24.456837212972456
nfcore/viralrecon:2.1,NFCORE_VIRALRECON:ILLUMINA:VARIANTS_BCFTOOLS:PANGOLIN,i3.xlarge,24.55597918387286
nfcore/viralrecon:2.1,NFCORE_VIRALRECON:ILLUMINA:VARIANTS_BCFTOOLS:PANGOLIN,m5a.2xlarge,26.48205132881776
nfcore/viralrecon:2.1,NFCORE_VIRALRECON:ILLUMINA:VARIANTS_BCFTOOLS:PANGOLIN,r5a.2xlarge,26.74563815976297
nfcore/viralrecon:2.1,NFCORE_VIRALRECON:ILLUMINA:VARIANTS_BCFTOOLS:QUAST,m5zn.large,0.6826904920031378
nfcore/viralrecon:2.1,NFCORE_VIRALRECON:ILLUMINA:VARIANTS_BCFTOOLS:QUAST,z1d.large,2.3635435240671576
nfcore/viralrecon:2.1,NFCORE_VIRALRECON:ILLUMINA:VARIANTS_BCFTOOLS:QUAST,m5zn.2xlarge,6.129224180931916
nfcore/viralrecon:2.1,NFCORE_VIRALRECON:ILLUMINA:VARIANTS_BCFTOOLS:QUAST,m5zn.xlarge,4.5310588259176345
nfcore/viralrecon:2.1,NFCORE_VIRALRECON:ILLUMINA:VARIANTS_BCFTOOLS:QUAST,c5a.xlarge,3.917174976258443
nfcore/viralrecon:2.1,NFCORE_VIRALRECON:ILLUMINA:VARIANTS_BCFTOOLS:QUAST,c5a.2xlarge,5.564935406645945
nfcore/viralrecon:2.1,NFCORE_VIRALRECON:ILLUMINA:VARIANTS_BCFTOOLS:QUAST,z1d.2xlarge,7.467680425771699
nfcore/viralrecon:2.1,NFCORE_VIRALRECON:ILLUMINA:VARIANTS_BCFTOOLS:QUAST,z1d.xlarge,7.089657501926481
nfcore/viralrecon:2.1,NFCORE_VIRALRECON:ILLUMINA:VARIANTS_BCFTOOLS:QUAST,c5.2xlarge,8.786057505977702
nfcore/viralrecon:2.1,NFCORE_VIRALRECON:ILLUMINA:VARIANTS_BCFTOOLS:QUAST,c5.xlarge,8.230123081809545
nfcore/viralrecon:2.1,NFCORE_VIRALRECON:ILLUMINA:VARIANTS_BCFTOOLS:QUAST,d3.xlarge,11.617848387545369
nfcore/viralrecon:2.1,NFCORE_VIRALRECON:ILLUMINA:VARIANTS_BCFTOOLS:QUAST,d3.2xlarge,14.925081372986536
nfcore/viralrecon:2.1,NFCORE_VIRALRECON:ILLUMINA:VARIANTS_BCFTOOLS:QUAST,m5.large,11.618463120275482
nfcore/viralrecon:2.1,NFCORE_VIRALRECON:ILLUMINA:VARIANTS_BCFTOOLS:QUAST,r5.large,12.69657345076902
nfcore/viralrecon:2.1,NFCORE_VIRALRECON:ILLUMINA:VARIANTS_BCFTOOLS:QUAST,m5.xlarge,15.475168846186317
nfcore/viralrecon:2.1,NFCORE_VIRALRECON:ILLUMINA:VARIANTS_BCFTOOLS:QUAST,m5.2xlarge,17.617989734435213
nfcore/viralrecon:2.1,NFCORE_VIRALRECON:ILLUMINA:VARIANTS_BCFTOOLS:QUAST,r5.xlarge,15.542304086819733
nfcore/viralrecon:2.1,NFCORE_VIRALRECON:ILLUMINA:VARIANTS_BCFTOOLS:QUAST,r5.2xlarge,18.454172620672473
nfcore/viralrecon:2.1,NFCORE_VIRALRECON:ILLUMINA:VARIANTS_BCFTOOLS:QUAST,r5a.large,18.661640640234985
nfcore/viralrecon:2.1,NFCORE_VIRALRECON:ILLUMINA:VARIANTS_BCFTOOLS:QUAST,m5a.large,18.446505051038088
nfcore/viralrecon:2.1,NFCORE_VIRALRECON:ILLUMINA:VARIANTS_BCFTOOLS:QUAST,m5a.xlarge,21.042960203246718
nfcore/viralrecon:2.1,NFCORE_VIRALRECON:ILLUMINA:VARIANTS_BCFTOOLS:QUAST,r5a.xlarge,21.301376864445768
nfcore/viralrecon:2.1,NFCORE_VIRALRECON:ILLUMINA:VARIANTS_BCFTOOLS:QUAST,m5a.2xlarge,25.096191243798113
nfcore/viralrecon:2.1,NFCORE_VIRALRECON:ILLUMINA:VARIANTS_BCFTOOLS:QUAST,i3.large,23.051787233151064
nfcore/viralrecon:2.1,NFCORE_VIRALRECON:ILLUMINA:VARIANTS_BCFTOOLS:QUAST,i3.2xlarge,25.35780110340511
nfcore/viralrecon:2.1,NFCORE_VIRALRECON:ILLUMINA:VARIANTS_BCFTOOLS:QUAST,r5a.2xlarge,25.165657179698943
nfcore/viralrecon:2.1,NFCORE_VIRALRECON:ILLUMINA:VARIANTS_BCFTOOLS:QUAST,i3.xlarge,25.687396927313287
nfcore/viralrecon:2.1,NFCORE_VIRALRECON:ILLUMINA:VARIANTS_BCFTOOLS:SNPEFF_SNPSIFT:SNPEFF_ANN,m5zn.2xlarge,1.3263850864456295
nfcore/viralrecon:2.1,NFCORE_VIRALRECON:ILLUMINA:VARIANTS_BCFTOOLS:SNPEFF_SNPSIFT:SNPEFF_ANN,z1d.2xlarge,1.915131548606035
nfcore/viralrecon:2.1,NFCORE_VIRALRECON:ILLUMINA:VARIANTS_BCFTOOLS:SNPEFF_SNPSIFT:SNPEFF_ANN,m5zn.large,6.044910608348732
nfcore/viralrecon:2.1,NFCORE_VIRALRECON:ILLUMINA:VARIANTS_BCFTOOLS:SNPEFF_SNPSIFT:SNPEFF_ANN,z1d.xlarge,4.002053466872725
nfcore/viralrecon:2.1,NFCORE_VIRALRECON:ILLUMINA:VARIANTS_BCFTOOLS:SNPEFF_SNPSIFT:SNPEFF_ANN,c5a.2xlarge,3.8218056633104984
nfcore/viralrecon:2.1,NFCORE_VIRALRECON:ILLUMINA:VARIANTS_BCFTOOLS:SNPEFF_SNPSIFT:SNPEFF_ANN,c5.2xlarge,6.185400718941792
nfcore/viralrecon:2.1,NFCORE_VIRALRECON:ILLUMINA:VARIANTS_BCFTOOLS:SNPEFF_SNPSIFT:SNPEFF_ANN,c5.xlarge,6.834933644482352
nfcore/viralrecon:2.1,NFCORE_VIRALRECON:ILLUMINA:VARIANTS_BCFTOOLS:SNPEFF_SNPSIFT:SNPEFF_ANN,m5zn.xlarge,5.91651701013511
nfcore/viralrecon:2.1,NFCORE_VIRALRECON:ILLUMINA:VARIANTS_BCFTOOLS:SNPEFF_SNPSIFT:SNPEFF_ANN,z1d.large,11.80866460570848
nfcore/viralrecon:2.1,NFCORE_VIRALRECON:ILLUMINA:VARIANTS_BCFTOOLS:SNPEFF_SNPSIFT:SNPEFF_ANN,c5a.xlarge,7.3878341354415005
nfcore/viralrecon:2.1,NFCORE_VIRALRECON:ILLUMINA:VARIANTS_BCFTOOLS:SNPEFF_SNPSIFT:SNPEFF_ANN,r5.2xlarge,6.780773073996012
nfcore/viralrecon:2.1,NFCORE_VIRALRECON:ILLUMINA:VARIANTS_BCFTOOLS:SNPEFF_SNPSIFT:SNPEFF_ANN,m5.large,15.509293393264578
nfcore/viralrecon:2.1,NFCORE_VIRALRECON:ILLUMINA:VARIANTS_BCFTOOLS:SNPEFF_SNPSIFT:SNPEFF_ANN,d3.2xlarge,8.471414889680098
nfcore/viralrecon:2.1,NFCORE_VIRALRECON:ILLUMINA:VARIANTS_BCFTOOLS:SNPEFF_SNPSIFT:SNPEFF_ANN,m5.2xlarge,14.055338393035896
nfcore/viralrecon:2.1,NFCORE_VIRALRECON:ILLUMINA:VARIANTS_BCFTOOLS:SNPEFF_SNPSIFT:SNPEFF_ANN,r5.xlarge,11.692646251795175
nfcore/viralrecon:2.1,NFCORE_VIRALRECON:ILLUMINA:VARIANTS_BCFTOOLS:SNPEFF_SNPSIFT:SNPEFF_ANN,i3.2xlarge,13.31576754211714
nfcore/viralrecon:2.1,NFCORE_VIRALRECON:ILLUMINA:VARIANTS_BCFTOOLS:SNPEFF_SNPSIFT:SNPEFF_ANN,d3.xlarge,15.349339745937023
nfcore/viralrecon:2.1,NFCORE_VIRALRECON:ILLUMINA:VARIANTS_BCFTOOLS:SNPEFF_SNPSIFT:SNPEFF_ANN,r5.large,16.754217387018087
nfcore/viralrecon:2.1,NFCORE_VIRALRECON:ILLUMINA:VARIANTS_BCFTOOLS:SNPEFF_SNPSIFT:SNPEFF_ANN,m5.xlarge,14.391311642769061
nfcore/viralrecon:2.1,NFCORE_VIRALRECON:ILLUMINA:VARIANTS_BCFTOOLS:SNPEFF_SNPSIFT:SNPEFF_ANN,r5a.large,22.466807880910796
nfcore/viralrecon:2.1,NFCORE_VIRALRECON:ILLUMINA:VARIANTS_BCFTOOLS:SNPEFF_SNPSIFT:SNPEFF_ANN,m5a.xlarge,20.6673478677631
nfcore/viralrecon:2.1,NFCORE_VIRALRECON:ILLUMINA:VARIANTS_BCFTOOLS:SNPEFF_SNPSIFT:SNPEFF_ANN,m5a.2xlarge,16.047851034265364
nfcore/viralrecon:2.1,NFCORE_VIRALRECON:ILLUMINA:VARIANTS_BCFTOOLS:SNPEFF_SNPSIFT:SNPEFF_ANN,i3.large,21.448641458476537
nfcore/viralrecon:2.1,NFCORE_VIRALRECON:ILLUMINA:VARIANTS_BCFTOOLS:SNPEFF_SNPSIFT:SNPEFF_ANN,r5a.xlarge,19.142149645253546
nfcore/viralrecon:2.1,NFCORE_VIRALRECON:ILLUMINA:VARIANTS_BCFTOOLS:SNPEFF_SNPSIFT:SNPEFF_ANN,r5a.2xlarge,17.44408123442581
nfcore/viralrecon:2.1,NFCORE_VIRALRECON:ILLUMINA:VARIANTS_BCFTOOLS:SNPEFF_SNPSIFT:SNPEFF_ANN,m5a.large,23.775367076208905
nfcore/viralrecon:2.1,NFCORE_VIRALRECON:ILLUMINA:VARIANTS_BCFTOOLS:SNPEFF_SNPSIFT:SNPEFF_ANN,i3.xlarge,23.0067488000592
nfcore/viralrecon:2.1,NFCORE_VIRALRECON:ILLUMINA:VARIANTS_IVAR:ASCIIGENOME,m5zn.2xlarge,1.1278289029690507
nfcore/viralrecon:2.1,NFCORE_VIRALRECON:ILLUMINA:VARIANTS_IVAR:ASCIIGENOME,m5zn.xlarge,2.5720950955753166
nfcore/viralrecon:2.1,NFCORE_VIRALRECON:ILLUMINA:VARIANTS_IVAR:ASCIIGENOME,m5zn.large,3.0053671272783813
nfcore/viralrecon:2.1,NFCORE_VIRALRECON:ILLUMINA:VARIANTS_IVAR:ASCIIGENOME,z1d.2xlarge,4.702401275953316
nfcore/viralrecon:2.1,NFCORE_VIRALRECON:ILLUMINA:VARIANTS_IVAR:ASCIIGENOME,z1d.large,5.3703784733356725
nfcore/viralrecon:2.1,NFCORE_VIRALRECON:ILLUMINA:VARIANTS_IVAR:ASCIIGENOME,z1d.xlarge,5.612708705197096
nfcore/viralrecon:2.1,NFCORE_VIRALRECON:ILLUMINA:VARIANTS_IVAR:ASCIIGENOME,c5.2xlarge,5.756851519408918
nfcore/viralrecon:2.1,NFCORE_VIRALRECON:ILLUMINA:VARIANTS_IVAR:ASCIIGENOME,c5.xlarge,9.191324455030092
nfcore/viralrecon:2.1,NFCORE_VIRALRECON:ILLUMINA:VARIANTS_IVAR:ASCIIGENOME,c5a.2xlarge,9.302546441982003
nfcore/viralrecon:2.1,NFCORE_VIRALRECON:ILLUMINA:VARIANTS_IVAR:ASCIIGENOME,c5a.xlarge,9.219420998572325
nfcore/viralrecon:2.1,NFCORE_VIRALRECON:ILLUMINA:VARIANTS_IVAR:ASCIIGENOME,d3.2xlarge,11.00988205440104
nfcore/viralrecon:2.1,NFCORE_VIRALRECON:ILLUMINA:VARIANTS_IVAR:ASCIIGENOME,m5.2xlarge,13.410064970917098
nfcore/viralrecon:2.1,NFCORE_VIRALRECON:ILLUMINA:VARIANTS_IVAR:ASCIIGENOME,r5.large,14.000764534477412
nfcore/viralrecon:2.1,NFCORE_VIRALRECON:ILLUMINA:VARIANTS_IVAR:ASCIIGENOME,d3.xlarge,13.209439324715486
nfcore/viralrecon:2.1,NFCORE_VIRALRECON:ILLUMINA:VARIANTS_IVAR:ASCIIGENOME,r5.2xlarge,15.017160327312748
nfcore/viralrecon:2.1,NFCORE_VIRALRECON:ILLUMINA:VARIANTS_IVAR:ASCIIGENOME,m5.large,16.95845793136887
nfcore/viralrecon:2.1,NFCORE_VIRALRECON:ILLUMINA:VARIANTS_IVAR:ASCIIGENOME,m5.xlarge,16.997979224381112
nfcore/viralrecon:2.1,NFCORE_VIRALRECON:ILLUMINA:VARIANTS_IVAR:ASCIIGENOME,r5.xlarge,17.151769705812722
nfcore/viralrecon:2.1,NFCORE_VIRALRECON:ILLUMINA:VARIANTS_IVAR:ASCIIGENOME,i3.2xlarge,19.41106953301067
nfcore/viralrecon:2.1,NFCORE_VIRALRECON:ILLUMINA:VARIANTS_IVAR:ASCIIGENOME,i3.large,19.95702601520548
nfcore/viralrecon:2.1,NFCORE_VIRALRECON:ILLUMINA:VARIANTS_IVAR:ASCIIGENOME,m5a.2xlarge,21.8261508476932
nfcore/viralrecon:2.1,NFCORE_VIRALRECON:ILLUMINA:VARIANTS_IVAR:ASCIIGENOME,i3.xlarge,22.700155865649336
nfcore/viralrecon:2.1,NFCORE_VIRALRECON:ILLUMINA:VARIANTS_IVAR:ASCIIGENOME,r5a.2xlarge,24.009053742972945
nfcore/viralrecon:2.1,NFCORE_VIRALRECON:ILLUMINA:VARIANTS_IVAR:ASCIIGENOME,r5a.large,24.14117338451059
nfcore/viralrecon:2.1,NFCORE_VIRALRECON:ILLUMINA:VARIANTS_IVAR:ASCIIGENOME,m5a.large,23.749999954537454
nfcore/viralrecon:2.1,NFCORE_VIRALRECON:ILLUMINA:VARIANTS_IVAR:ASCIIGENOME,m5a.xlarge,24.51337986718898
nfcore/viralrecon:2.1,NFCORE_VIRALRECON:ILLUMINA:VARIANTS_IVAR:ASCIIGENOME,r5a.xlarge,26.32453042298706
nfcore/viralrecon:2.1,NFCORE_VIRALRECON:ILLUMINA:VARIANTS_IVAR:IVAR_CONSENSUS,c5.2xlarge,2.956976773364734
nfcore/viralrecon:2.1,NFCORE_VIRALRECON:ILLUMINA:VARIANTS_IVAR:IVAR_CONSENSUS,m5zn.xlarge,2.3162042362775095
nfcore/viralrecon:2.1,NFCORE_VIRALRECON:ILLUMINA:VARIANTS_IVAR:IVAR_CONSENSUS,m5zn.large,2.740469942102348
nfcore/viralrecon:2.1,NFCORE_VIRALRECON:ILLUMINA:VARIANTS_IVAR:IVAR_CONSENSUS,z1d.xlarge,4.99301433171832
nfcore/viralrecon:2.1,NFCORE_VIRALRECON:ILLUMINA:VARIANTS_IVAR:IVAR_CONSENSUS,c5.xlarge,5.3986548399190495
nfcore/viralrecon:2.1,NFCORE_VIRALRECON:ILLUMINA:VARIANTS_IVAR:IVAR_CONSENSUS,z1d.large,6.169840170468489
nfcore/viralrecon:2.1,NFCORE_VIRALRECON:ILLUMINA:VARIANTS_IVAR:IVAR_CONSENSUS,m5zn.2xlarge,5.094273705739364
nfcore/viralrecon:2.1,NFCORE_VIRALRECON:ILLUMINA:VARIANTS_IVAR:IVAR_CONSENSUS,c5a.2xlarge,8.272873742416984
nfcore/viralrecon:2.1,NFCORE_VIRALRECON:ILLUMINA:VARIANTS_IVAR:IVAR_CONSENSUS,c5a.xlarge,6.988240536197135
nfcore/viralrecon:2.1,NFCORE_VIRALRECON:ILLUMINA:VARIANTS_IVAR:IVAR_CONSENSUS,d3.xlarge,11.02852012826068
nfcore/viralrecon:2.1,NFCORE_VIRALRECON:ILLUMINA:VARIANTS_IVAR:IVAR_CONSENSUS,z1d.2xlarge,9.171559023912394
nfcore/viralrecon:2.1,NFCORE_VIRALRECON:ILLUMINA:VARIANTS_IVAR:IVAR_CONSENSUS,r5.large,12.411050876453505
nfcore/viralrecon:2.1,NFCORE_VIRALRECON:ILLUMINA:VARIANTS_IVAR:IVAR_CONSENSUS,m5.xlarge,12.626286279269092
nfcore/viralrecon:2.1,NFCORE_VIRALRECON:ILLUMINA:VARIANTS_IVAR:IVAR_CONSENSUS,m5.large,14.094521263260553
nfcore/viralrecon:2.1,NFCORE_VIRALRECON:ILLUMINA:VARIANTS_IVAR:IVAR_CONSENSUS,r5.xlarge,14.63796003137255
nfcore/viralrecon:2.1,NFCORE_VIRALRECON:ILLUMINA:VARIANTS_IVAR:IVAR_CONSENSUS,r5.2xlarge,16.972291713542685
nfcore/viralrecon:2.1,NFCORE_VIRALRECON:ILLUMINA:VARIANTS_IVAR:IVAR_CONSENSUS,m5a.large,19.09329342491862
nfcore/viralrecon:2.1,NFCORE_VIRALRECON:ILLUMINA:VARIANTS_IVAR:IVAR_CONSENSUS,d3.2xlarge,15.693828410183109
nfcore/viralrecon:2.1,NFCORE_VIRALRECON:ILLUMINA:VARIANTS_IVAR:IVAR_CONSENSUS,m5a.xlarge,21.891951200015686
nfcore/viralrecon:2.1,NFCORE_VIRALRECON:ILLUMINA:VARIANTS_IVAR:IVAR_CONSENSUS,i3.large,19.97373841584566
nfcore/viralrecon:2.1,NFCORE_VIRALRECON:ILLUMINA:VARIANTS_IVAR:IVAR_CONSENSUS,m5.2xlarge,17.572347249399883
nfcore/viralrecon:2.1,NFCORE_VIRALRECON:ILLUMINA:VARIANTS_IVAR:IVAR_CONSENSUS,r5a.large,20.66925849845395
nfcore/viralrecon:2.1,NFCORE_VIRALRECON:ILLUMINA:VARIANTS_IVAR:IVAR_CONSENSUS,m5a.2xlarge,24.107116992534618
nfcore/viralrecon:2.1,NFCORE_VIRALRECON:ILLUMINA:VARIANTS_IVAR:IVAR_CONSENSUS,i3.xlarge,22.86588956175851
nfcore/viralrecon:2.1,NFCORE_VIRALRECON:ILLUMINA:VARIANTS_IVAR:IVAR_CONSENSUS,r5a.xlarge,22.02690182873951
nfcore/viralrecon:2.1,NFCORE_VIRALRECON:ILLUMINA:VARIANTS_IVAR:IVAR_CONSENSUS,r5a.2xlarge,25.6081832396642
nfcore/viralrecon:2.1,NFCORE_VIRALRECON:ILLUMINA:VARIANTS_IVAR:IVAR_CONSENSUS,i3.2xlarge,24.19606011731781
nfcore/viralrecon:2.1,NFCORE_VIRALRECON:ILLUMINA:VARIANTS_IVAR:IVAR_VARIANTS,m5zn.large,1.2507830771308512
nfcore/viralrecon:2.1,NFCORE_VIRALRECON:ILLUMINA:VARIANTS_IVAR:IVAR_VARIANTS,m5zn.xlarge,2.780094884786214
nfcore/viralrecon:2.1,NFCORE_VIRALRECON:ILLUMINA:VARIANTS_IVAR:IVAR_VARIANTS,m5zn.2xlarge,5.869493449011531
nfcore/viralrecon:2.1,NFCORE_VIRALRECON:ILLUMINA:VARIANTS_IVAR:IVAR_VARIANTS,z1d.large,3.1263072105158987
nfcore/viralrecon:2.1,NFCORE_VIRALRECON:ILLUMINA:VARIANTS_IVAR:IVAR_VARIANTS,c5.2xlarge,4.4700790169784295
nfcore/viralrecon:2.1,NFCORE_VIRALRECON:ILLUMINA:VARIANTS_IVAR:IVAR_VARIANTS,c5.xlarge,7.36331643800722
nfcore/viralrecon:2.1,NFCORE_VIRALRECON:ILLUMINA:VARIANTS_IVAR:IVAR_VARIANTS,z1d.xlarge,5.694332882799677
nfcore/viralrecon:2.1,NFCORE_VIRALRECON:ILLUMINA:VARIANTS_IVAR:IVAR_VARIANTS,z1d.2xlarge,9.920922584536353
nfcore/viralrecon:2.1,NFCORE_VIRALRECON:ILLUMINA:VARIANTS_IVAR:IVAR_VARIANTS,r5.large,10.574696072865692
nfcore/viralrecon:2.1,NFCORE_VIRALRECON:ILLUMINA:VARIANTS_IVAR:IVAR_VARIANTS,m5.large,10.861781561902415
nfcore/viralrecon:2.1,NFCORE_VIRALRECON:ILLUMINA:VARIANTS_IVAR:IVAR_VARIANTS,d3.xlarge,11.09080127409909
nfcore/viralrecon:2.1,NFCORE_VIRALRECON:ILLUMINA:VARIANTS_IVAR:IVAR_VARIANTS,c5a.xlarge,9.74176782502262
nfcore/viralrecon:2.1,NFCORE_VIRALRECON:ILLUMINA:VARIANTS_IVAR:IVAR_VARIANTS,m5.xlarge,13.206578335680152
nfcore/viralrecon:2.1,NFCORE_VIRALRECON:ILLUMINA:VARIANTS_IVAR:IVAR_VARIANTS,r5.xlarge,15.033053995352315
nfcore/viralrecon:2.1,NFCORE_VIRALRECON:ILLUMINA:VARIANTS_IVAR:IVAR_VARIANTS,c5a.2xlarge,10.459031541245569
nfcore/viralrecon:2.1,NFCORE_VIRALRECON:ILLUMINA:VARIANTS_IVAR:IVAR_VARIANTS,m5.2xlarge,18.08384687389494
nfcore/viralrecon:2.1,NFCORE_VIRALRECON:ILLUMINA:VARIANTS_IVAR:IVAR_VARIANTS,d3.2xlarge,17.98739840227334
nfcore/viralrecon:2.1,NFCORE_VIRALRECON:ILLUMINA:VARIANTS_IVAR:IVAR_VARIANTS,i3.large,17.283015474292025
nfcore/viralrecon:2.1,NFCORE_VIRALRECON:ILLUMINA:VARIANTS_IVAR:IVAR_VARIANTS,m5a.large,19.199929844869384
nfcore/viralrecon:2.1,NFCORE_VIRALRECON:ILLUMINA:VARIANTS_IVAR:IVAR_VARIANTS,r5a.large,20.579403018890737
nfcore/viralrecon:2.1,NFCORE_VIRALRECON:ILLUMINA:VARIANTS_IVAR:IVAR_VARIANTS,r5.2xlarge,18.630828074897433
nfcore/viralrecon:2.1,NFCORE_VIRALRECON:ILLUMINA:VARIANTS_IVAR:IVAR_VARIANTS,i3.xlarge,20.98300984457503
nfcore/viralrecon:2.1,NFCORE_VIRALRECON:ILLUMINA:VARIANTS_IVAR:IVAR_VARIANTS,i3.2xlarge,24.009868658621993
nfcore/viralrecon:2.1,NFCORE_VIRALRECON:ILLUMINA:VARIANTS_IVAR:IVAR_VARIANTS,r5a.xlarge,23.036222977029542
nfcore/viralrecon:2.1,NFCORE_VIRALRECON:ILLUMINA:VARIANTS_IVAR:IVAR_VARIANTS,m5a.xlarge,23.15331276067198
nfcore/viralrecon:2.1,NFCORE_VIRALRECON:ILLUMINA:VARIANTS_IVAR:IVAR_VARIANTS,r5a.2xlarge,25.86725274602278
nfcore/viralrecon:2.1,NFCORE_VIRALRECON:ILLUMINA:VARIANTS_IVAR:IVAR_VARIANTS,m5a.2xlarge,25.954196910972485
nfcore/viralrecon:2.1,NFCORE_VIRALRECON:ILLUMINA:VARIANTS_IVAR:NEXTCLADE,m5zn.large,2.8155244446823433
nfcore/viralrecon:2.1,NFCORE_VIRALRECON:ILLUMINA:VARIANTS_IVAR:NEXTCLADE,m5zn.2xlarge,3.092146294961073
nfcore/viralrecon:2.1,NFCORE_VIRALRECON:ILLUMINA:VARIANTS_IVAR:NEXTCLADE,z1d.large,5.11301307451778
nfcore/viralrecon:2.1,NFCORE_VIRALRECON:ILLUMINA:VARIANTS_IVAR:NEXTCLADE,c5.2xlarge,4.184077862067256
nfcore/viralrecon:2.1,NFCORE_VIRALRECON:ILLUMINA:VARIANTS_IVAR:NEXTCLADE,c5a.2xlarge,7.332572604915923
nfcore/viralrecon:2.1,NFCORE_VIRALRECON:ILLUMINA:VARIANTS_IVAR:NEXTCLADE,z1d.2xlarge,6.012119918213634
nfcore/viralrecon:2.1,NFCORE_VIRALRECON:ILLUMINA:VARIANTS_IVAR:NEXTCLADE,z1d.xlarge,6.647051067436798
nfcore/viralrecon:2.1,NFCORE_VIRALRECON:ILLUMINA:VARIANTS_IVAR:NEXTCLADE,c5a.xlarge,5.2162875515412415
nfcore/viralrecon:2.1,NFCORE_VIRALRECON:ILLUMINA:VARIANTS_IVAR:NEXTCLADE,c5.xlarge,8.722707914059765
nfcore/viralrecon:2.1,NFCORE_VIRALRECON:ILLUMINA:VARIANTS_IVAR:NEXTCLADE,m5zn.xlarge,4.380840055895724
nfcore/viralrecon:2.1,NFCORE_VIRALRECON:ILLUMINA:VARIANTS_IVAR:NEXTCLADE,r5.large,11.588069661353366
nfcore/viralrecon:2.1,NFCORE_VIRALRECON:ILLUMINA:VARIANTS_IVAR:NEXTCLADE,r5.2xlarge,15.140210167888775
nfcore/viralrecon:2.1,NFCORE_VIRALRECON:ILLUMINA:VARIANTS_IVAR:NEXTCLADE,d3.xlarge,12.108130977082531
nfcore/viralrecon:2.1,NFCORE_VIRALRECON:ILLUMINA:VARIANTS_IVAR:NEXTCLADE,m5.xlarge,15.045233063908071
nfcore/viralrecon:2.1,NFCORE_VIRALRECON:ILLUMINA:VARIANTS_IVAR:NEXTCLADE,m5.2xlarge,15.600394580388631
nfcore/viralrecon:2.1,NFCORE_VIRALRECON:ILLUMINA:VARIANTS_IVAR:NEXTCLADE,m5.large,14.009982457819945
nfcore/viralrecon:2.1,NFCORE_VIRALRECON:ILLUMINA:VARIANTS_IVAR:NEXTCLADE,d3.2xlarge,15.409168418500592
nfcore/viralrecon:2.1,NFCORE_VIRALRECON:ILLUMINA:VARIANTS_IVAR:NEXTCLADE,r5.xlarge,15.125087132236445
nfcore/viralrecon:2.1,NFCORE_VIRALRECON:ILLUMINA:VARIANTS_IVAR:NEXTCLADE,i3.large,20.10088345882222
nfcore/viralrecon:2.1,NFCORE_VIRALRECON:ILLUMINA:VARIANTS_IVAR:NEXTCLADE,m5a.large,20.056154021247387
nfcore/viralrecon:2.1,NFCORE_VIRALRECON:ILLUMINA:VARIANTS_IVAR:NEXTCLADE,r5a.large,20.414667113025878
nfcore/viralrecon:2.1,NFCORE_VIRALRECON:ILLUMINA:VARIANTS_IVAR:NEXTCLADE,i3.xlarge,24.515817594151123
nfcore/viralrecon:2.1,NFCORE_VIRALRECON:ILLUMINA:VARIANTS_IVAR:NEXTCLADE,r5a.xlarge,22.65898891775545
nfcore/viralrecon:2.1,NFCORE_VIRALRECON:ILLUMINA:VARIANTS_IVAR:NEXTCLADE,i3.2xlarge,24.22730082676067
nfcore/viralrecon:2.1,NFCORE_VIRALRECON:ILLUMINA:VARIANTS_IVAR:NEXTCLADE,m5a.xlarge,21.448252514999517
nfcore/viralrecon:2.1,NFCORE_VIRALRECON:ILLUMINA:VARIANTS_IVAR:NEXTCLADE,m5a.2xlarge,24.030719694687807
nfcore/viralrecon:2.1,NFCORE_VIRALRECON:ILLUMINA:VARIANTS_IVAR:NEXTCLADE,r5a.2xlarge,24.943467140828524
nfcore/viralrecon:2.1,NFCORE_VIRALRECON:ILLUMINA:VARIANTS_IVAR:PANGOLIN,m5zn.large,2.0745271288861984
nfcore/viralrecon:2.1,NFCORE_VIRALRECON:ILLUMINA:VARIANTS_IVAR:PANGOLIN,z1d.large,2.3859696519418536
nfcore/viralrecon:2.1,NFCORE_VIRALRECON:ILLUMINA:VARIANTS_IVAR:PANGOLIN,m5zn.xlarge,2.800934075381469
nfcore/viralrecon:2.1,NFCORE_VIRALRECON:ILLUMINA:VARIANTS_IVAR:PANGOLIN,m5zn.2xlarge,4.1997649023023245
nfcore/viralrecon:2.1,NFCORE_VIRALRECON:ILLUMINA:VARIANTS_IVAR:PANGOLIN,z1d.xlarge,5.632404383208793
nfcore/viralrecon:2.1,NFCORE_VIRALRECON:ILLUMINA:VARIANTS_IVAR:PANGOLIN,c5.2xlarge,6.191877941145003
nfcore/viralrecon:2.1,NFCORE_VIRALRECON:ILLUMINA:VARIANTS_IVAR:PANGOLIN,z1d.2xlarge,7.709560037905912
nfcore/viralrecon:2.1,NFCORE_VIRALRECON:ILLUMINA:VARIANTS_IVAR:PANGOLIN,c5a.xlarge,7.264062244650204
nfcore/viralrecon:2.1,NFCORE_VIRALRECON:ILLUMINA:VARIANTS_IVAR:PANGOLIN,c5a.2xlarge,7.468571756050081
nfcore/viralrecon:2.1,NFCORE_VIRALRECON:ILLUMINA:VARIANTS_IVAR:PANGOLIN,c5.xlarge,10.237029611002818
nfcore/viralrecon:2.1,NFCORE_VIRALRECON:ILLUMINA:VARIANTS_IVAR:PANGOLIN,r5.large,11.03793761138131
nfcore/viralrecon:2.1,NFCORE_VIRALRECON:ILLUMINA:VARIANTS_IVAR:PANGOLIN,m5.large,11.884426707324454
nfcore/viralrecon:2.1,NFCORE_VIRALRECON:ILLUMINA:VARIANTS_IVAR:PANGOLIN,d3.xlarge,12.010328308305656
nfcore/viralrecon:2.1,NFCORE_VIRALRECON:ILLUMINA:VARIANTS_IVAR:PANGOLIN,r5.xlarge,15.401775039421675
nfcore/viralrecon:2.1,NFCORE_VIRALRECON:ILLUMINA:VARIANTS_IVAR:PANGOLIN,m5.xlarge,14.470910054281628
nfcore/viralrecon:2.1,NFCORE_VIRALRECON:ILLUMINA:VARIANTS_IVAR:PANGOLIN,d3.2xlarge,16.63745400508756
nfcore/viralrecon:2.1,NFCORE_VIRALRECON:ILLUMINA:VARIANTS_IVAR:PANGOLIN,r5.2xlarge,17.02825530453257
nfcore/viralrecon:2.1,NFCORE_VIRALRECON:ILLUMINA:VARIANTS_IVAR:PANGOLIN,m5.2xlarge,17.4132850796466
nfcore/viralrecon:2.1,NFCORE_VIRALRECON:ILLUMINA:VARIANTS_IVAR:PANGOLIN,r5a.large,18.99919715689197
nfcore/viralrecon:2.1,NFCORE_VIRALRECON:ILLUMINA:VARIANTS_IVAR:PANGOLIN,m5a.large,19.18785771680206
nfcore/viralrecon:2.1,NFCORE_VIRALRECON:ILLUMINA:VARIANTS_IVAR:PANGOLIN,i3.large,20.684916303305865
nfcore/viralrecon:2.1,NFCORE_VIRALRECON:ILLUMINA:VARIANTS_IVAR:PANGOLIN,r5a.xlarge,21.946024452234205
nfcore/viralrecon:2.1,NFCORE_VIRALRECON:ILLUMINA:VARIANTS_IVAR:PANGOLIN,m5a.xlarge,22.2781055390137
nfcore/viralrecon:2.1,NFCORE_VIRALRECON:ILLUMINA:VARIANTS_IVAR:PANGOLIN,i3.xlarge,24.61372469561243
nfcore/viralrecon:2.1,NFCORE_VIRALRECON:ILLUMINA:VARIANTS_IVAR:PANGOLIN,i3.2xlarge,24.487357232561607
nfcore/viralrecon:2.1,NFCORE_VIRALRECON:ILLUMINA:VARIANTS_IVAR:PANGOLIN,m5a.2xlarge,26.28696022003774
nfcore/viralrecon:2.1,NFCORE_VIRALRECON:ILLUMINA:VARIANTS_IVAR:PANGOLIN,r5a.2xlarge,26.77313324070219
nfcore/viralrecon:2.1,NFCORE_VIRALRECON:ILLUMINA:VARIANTS_IVAR:PLOT_BASE_DENSITY,m5zn.large,1.490713645860069
nfcore/viralrecon:2.1,NFCORE_VIRALRECON:ILLUMINA:VARIANTS_IVAR:PLOT_BASE_DENSITY,m5zn.xlarge,3.0333245606693655
nfcore/viralrecon:2.1,NFCORE_VIRALRECON:ILLUMINA:VARIANTS_IVAR:PLOT_BASE_DENSITY,z1d.large,2.35568488477315
nfcore/viralrecon:2.1,NFCORE_VIRALRECON:ILLUMINA:VARIANTS_IVAR:PLOT_BASE_DENSITY,m5zn.2xlarge,4.393254287834892
nfcore/viralrecon:2.1,NFCORE_VIRALRECON:ILLUMINA:VARIANTS_IVAR:PLOT_BASE_DENSITY,c5a.xlarge,5.964474636484026
nfcore/viralrecon:2.1,NFCORE_VIRALRECON:ILLUMINA:VARIANTS_IVAR:PLOT_BASE_DENSITY,c5a.2xlarge,7.1690614009195555
nfcore/viralrecon:2.1,NFCORE_VIRALRECON:ILLUMINA:VARIANTS_IVAR:PLOT_BASE_DENSITY,c5.2xlarge,5.6331258233996016
nfcore/viralrecon:2.1,NFCORE_VIRALRECON:ILLUMINA:VARIANTS_IVAR:PLOT_BASE_DENSITY,z1d.xlarge,7.424927971770203
nfcore/viralrecon:2.1,NFCORE_VIRALRECON:ILLUMINA:VARIANTS_IVAR:PLOT_BASE_DENSITY,z1d.2xlarge,7.006352974487323
nfcore/viralrecon:2.1,NFCORE_VIRALRECON:ILLUMINA:VARIANTS_IVAR:PLOT_BASE_DENSITY,c5.xlarge,10.460264602958304
nfcore/viralrecon:2.1,NFCORE_VIRALRECON:ILLUMINA:VARIANTS_IVAR:PLOT_BASE_DENSITY,r5.large,10.166175723891715
nfcore/viralrecon:2.1,NFCORE_VIRALRECON:ILLUMINA:VARIANTS_IVAR:PLOT_BASE_DENSITY,m5.large,9.963087428151063
nfcore/viralrecon:2.1,NFCORE_VIRALRECON:ILLUMINA:VARIANTS_IVAR:PLOT_BASE_DENSITY,m5.xlarge,13.938847659594668
nfcore/viralrecon:2.1,NFCORE_VIRALRECON:ILLUMINA:VARIANTS_IVAR:PLOT_BASE_DENSITY,d3.xlarge,11.718184531529431
nfcore/viralrecon:2.1,NFCORE_VIRALRECON:ILLUMINA:VARIANTS_IVAR:PLOT_BASE_DENSITY,r5.xlarge,15.656753817880755
nfcore/viralrecon:2.1,NFCORE_VIRALRECON:ILLUMINA:VARIANTS_IVAR:PLOT_BASE_DENSITY,r5.2xlarge,16.041267496787047
nfcore/viralrecon:2.1,NFCORE_VIRALRECON:ILLUMINA:VARIANTS_IVAR:PLOT_BASE_DENSITY,m5.2xlarge,16.842241517314122
nfcore/viralrecon:2.1,NFCORE_VIRALRECON:ILLUMINA:VARIANTS_IVAR:PLOT_BASE_DENSITY,d3.2xlarge,17.4420465506274
nfcore/viralrecon:2.1,NFCORE_VIRALRECON:ILLUMINA:VARIANTS_IVAR:PLOT_BASE_DENSITY,r5a.large,18.18700317674282
nfcore/viralrecon:2.1,NFCORE_VIRALRECON:ILLUMINA:VARIANTS_IVAR:PLOT_BASE_DENSITY,m5a.large,18.938710851724274
nfcore/viralrecon:2.1,NFCORE_VIRALRECON:ILLUMINA:VARIANTS_IVAR:PLOT_BASE_DENSITY,i3.large,19.22085167859519
nfcore/viralrecon:2.1,NFCORE_VIRALRECON:ILLUMINA:VARIANTS_IVAR:PLOT_BASE_DENSITY,m5a.xlarge,22.253518463818665
nfcore/viralrecon:2.1,NFCORE_VIRALRECON:ILLUMINA:VARIANTS_IVAR:PLOT_BASE_DENSITY,r5a.xlarge,22.702745161561865
nfcore/viralrecon:2.1,NFCORE_VIRALRECON:ILLUMINA:VARIANTS_IVAR:PLOT_BASE_DENSITY,i3.xlarge,24.179025169400603
nfcore/viralrecon:2.1,NFCORE_VIRALRECON:ILLUMINA:VARIANTS_IVAR:PLOT_BASE_DENSITY,i3.2xlarge,25.040055747727727
nfcore/viralrecon:2.1,NFCORE_VIRALRECON:ILLUMINA:VARIANTS_IVAR:PLOT_BASE_DENSITY,m5a.2xlarge,25.655752765497972
nfcore/viralrecon:2.1,NFCORE_VIRALRECON:ILLUMINA:VARIANTS_IVAR:PLOT_BASE_DENSITY,r5a.2xlarge,25.897859598049934
nfcore/viralrecon:2.1,NFCORE_VIRALRECON:ILLUMINA:VARIANTS_IVAR:QUAST,m5zn.large,0.6945516840696508
nfcore/viralrecon:2.1,NFCORE_VIRALRECON:ILLUMINA:VARIANTS_IVAR:QUAST,z1d.large,2.366381510894465
nfcore/viralrecon:2.1,NFCORE_VIRALRECON:ILLUMINA:VARIANTS_IVAR:QUAST,c5a.xlarge,3.985682941216073
nfcore/viralrecon:2.1,NFCORE_VIRALRECON:ILLUMINA:VARIANTS_IVAR:QUAST,m5zn.xlarge,4.650443540696414
nfcore/viralrecon:2.1,NFCORE_VIRALRECON:ILLUMINA:VARIANTS_IVAR:QUAST,c5a.2xlarge,5.608572042641387
nfcore/viralrecon:2.1,NFCORE_VIRALRECON:ILLUMINA:VARIANTS_IVAR:QUAST,m5zn.2xlarge,6.47100667622587
nfcore/viralrecon:2.1,NFCORE_VIRALRECON:ILLUMINA:VARIANTS_IVAR:QUAST,z1d.xlarge,7.147861705434173
nfcore/viralrecon:2.1,NFCORE_VIRALRECON:ILLUMINA:VARIANTS_IVAR:QUAST,z1d.2xlarge,7.871177326627737
nfcore/viralrecon:2.1,NFCORE_VIRALRECON:ILLUMINA:VARIANTS_IVAR:QUAST,c5.xlarge,8.238481998258678
nfcore/viralrecon:2.1,NFCORE_VIRALRECON:ILLUMINA:VARIANTS_IVAR:QUAST,c5.2xlarge,8.742704655032576
nfcore/viralrecon:2.1,NFCORE_VIRALRECON:ILLUMINA:VARIANTS_IVAR:QUAST,d3.xlarge,11.616033649275085
nfcore/viralrecon:2.1,NFCORE_VIRALRECON:ILLUMINA:VARIANTS_IVAR:QUAST,m5.large,11.61269104900937
nfcore/viralrecon:2.1,NFCORE_VIRALRECON:ILLUMINA:VARIANTS_IVAR:QUAST,r5.large,12.698783741796628
nfcore/viralrecon:2.1,NFCORE_VIRALRECON:ILLUMINA:VARIANTS_IVAR:QUAST,d3.2xlarge,14.892323932397332
nfcore/viralrecon:2.1,NFCORE_VIRALRECON:ILLUMINA:VARIANTS_IVAR:QUAST,m5.xlarge,15.452080821417653
nfcore/viralrecon:2.1,NFCORE_VIRALRECON:ILLUMINA:VARIANTS_IVAR:QUAST,m5.2xlarge,17.822250250589605
nfcore/viralrecon:2.1,NFCORE_VIRALRECON:ILLUMINA:VARIANTS_IVAR:QUAST,r5.xlarge,15.584618252826186
nfcore/viralrecon:2.1,NFCORE_VIRALRECON:ILLUMINA:VARIANTS_IVAR:QUAST,r5.2xlarge,18.433748914842955
nfcore/viralrecon:2.1,NFCORE_VIRALRECON:ILLUMINA:VARIANTS_IVAR:QUAST,m5a.large,18.445660902634177
nfcore/viralrecon:2.1,NFCORE_VIRALRECON:ILLUMINA:VARIANTS_IVAR:QUAST,r5a.large,18.66124840381384
nfcore/viralrecon:2.1,NFCORE_VIRALRECON:ILLUMINA:VARIANTS_IVAR:QUAST,m5a.xlarge,21.35995609435641
nfcore/viralrecon:2.1,NFCORE_VIRALRECON:ILLUMINA:VARIANTS_IVAR:QUAST,r5a.xlarge,21.369277184357895
nfcore/viralrecon:2.1,NFCORE_VIRALRECON:ILLUMINA:VARIANTS_IVAR:QUAST,i3.large,22.98693283806056
nfcore/viralrecon:2.1,NFCORE_VIRALRECON:ILLUMINA:VARIANTS_IVAR:QUAST,i3.2xlarge,25.372158279018905
nfcore/viralrecon:2.1,NFCORE_VIRALRECON:ILLUMINA:VARIANTS_IVAR:QUAST,r5a.2xlarge,25.17270181961053
nfcore/viralrecon:2.1,NFCORE_VIRALRECON:ILLUMINA:VARIANTS_IVAR:QUAST,m5a.2xlarge,25.042403317930216
nfcore/viralrecon:2.1,NFCORE_VIRALRECON:ILLUMINA:VARIANTS_IVAR:QUAST,i3.xlarge,25.65100165559506
nfcore/viralrecon:2.1,NFCORE_VIRALRECON:ILLUMINA:VARIANTS_IVAR:SNPEFF_SNPSIFT:SNPEFF_ANN,m5zn.2xlarge,0.7429910658608074
nfcore/viralrecon:2.1,NFCORE_VIRALRECON:ILLUMINA:VARIANTS_IVAR:SNPEFF_SNPSIFT:SNPEFF_ANN,c5.2xlarge,4.9773798412442405
nfcore/viralrecon:2.1,NFCORE_VIRALRECON:ILLUMINA:VARIANTS_IVAR:SNPEFF_SNPSIFT:SNPEFF_ANN,c5a.2xlarge,4.110121852282718
nfcore/viralrecon:2.1,NFCORE_VIRALRECON:ILLUMINA:VARIANTS_IVAR:SNPEFF_SNPSIFT:SNPEFF_ANN,m5zn.large,4.403466295342956
nfcore/viralrecon:2.1,NFCORE_VIRALRECON:ILLUMINA:VARIANTS_IVAR:SNPEFF_SNPSIFT:SNPEFF_ANN,z1d.2xlarge,2.097705943934712
nfcore/viralrecon:2.1,NFCORE_VIRALRECON:ILLUMINA:VARIANTS_IVAR:SNPEFF_SNPSIFT:SNPEFF_ANN,r5.2xlarge,7.219298210033251
nfcore/viralrecon:2.1,NFCORE_VIRALRECON:ILLUMINA:VARIANTS_IVAR:SNPEFF_SNPSIFT:SNPEFF_ANN,z1d.xlarge,4.530922540343638
nfcore/viralrecon:2.1,NFCORE_VIRALRECON:ILLUMINA:VARIANTS_IVAR:SNPEFF_SNPSIFT:SNPEFF_ANN,m5zn.xlarge,6.449764000013023
nfcore/viralrecon:2.1,NFCORE_VIRALRECON:ILLUMINA:VARIANTS_IVAR:SNPEFF_SNPSIFT:SNPEFF_ANN,m5.2xlarge,13.364431666139524
nfcore/viralrecon:2.1,NFCORE_VIRALRECON:ILLUMINA:VARIANTS_IVAR:SNPEFF_SNPSIFT:SNPEFF_ANN,z1d.large,9.873613241354153
nfcore/viralrecon:2.1,NFCORE_VIRALRECON:ILLUMINA:VARIANTS_IVAR:SNPEFF_SNPSIFT:SNPEFF_ANN,c5.xlarge,7.3844396902218135
nfcore/viralrecon:2.1,NFCORE_VIRALRECON:ILLUMINA:VARIANTS_IVAR:SNPEFF_SNPSIFT:SNPEFF_ANN,d3.2xlarge,9.54339568675826
nfcore/viralrecon:2.1,NFCORE_VIRALRECON:ILLUMINA:VARIANTS_IVAR:SNPEFF_SNPSIFT:SNPEFF_ANN,c5a.xlarge,7.201145412795182
nfcore/viralrecon:2.1,NFCORE_VIRALRECON:ILLUMINA:VARIANTS_IVAR:SNPEFF_SNPSIFT:SNPEFF_ANN,d3.xlarge,15.234388007344556
nfcore/viralrecon:2.1,NFCORE_VIRALRECON:ILLUMINA:VARIANTS_IVAR:SNPEFF_SNPSIFT:SNPEFF_ANN,m5.xlarge,16.145781937856793
nfcore/viralrecon:2.1,NFCORE_VIRALRECON:ILLUMINA:VARIANTS_IVAR:SNPEFF_SNPSIFT:SNPEFF_ANN,r5.xlarge,12.488229780200012
nfcore/viralrecon:2.1,NFCORE_VIRALRECON:ILLUMINA:VARIANTS_IVAR:SNPEFF_SNPSIFT:SNPEFF_ANN,r5.large,16.542958444369475
nfcore/viralrecon:2.1,NFCORE_VIRALRECON:ILLUMINA:VARIANTS_IVAR:SNPEFF_SNPSIFT:SNPEFF_ANN,m5.large,15.251749406152243
nfcore/viralrecon:2.1,NFCORE_VIRALRECON:ILLUMINA:VARIANTS_IVAR:SNPEFF_SNPSIFT:SNPEFF_ANN,i3.2xlarge,15.063970688352523
nfcore/viralrecon:2.1,NFCORE_VIRALRECON:ILLUMINA:VARIANTS_IVAR:SNPEFF_SNPSIFT:SNPEFF_ANN,r5a.xlarge,19.82590276291336
nfcore/viralrecon:2.1,NFCORE_VIRALRECON:ILLUMINA:VARIANTS_IVAR:SNPEFF_SNPSIFT:SNPEFF_ANN,r5a.2xlarge,19.273591264512213
nfcore/viralrecon:2.1,NFCORE_VIRALRECON:ILLUMINA:VARIANTS_IVAR:SNPEFF_SNPSIFT:SNPEFF_ANN,m5a.2xlarge,17.067779728890564
nfcore/viralrecon:2.1,NFCORE_VIRALRECON:ILLUMINA:VARIANTS_IVAR:SNPEFF_SNPSIFT:SNPEFF_ANN,r5a.large,20.52850231245315
nfcore/viralrecon:2.1,NFCORE_VIRALRECON:ILLUMINA:VARIANTS_IVAR:SNPEFF_SNPSIFT:SNPEFF_ANN,m5a.large,23.042668762148697
nfcore/viralrecon:2.1,NFCORE_VIRALRECON:ILLUMINA:VARIANTS_IVAR:SNPEFF_SNPSIFT:SNPEFF_ANN,i3.large,21.840070331763023
nfcore/viralrecon:2.1,NFCORE_VIRALRECON:ILLUMINA:VARIANTS_IVAR:SNPEFF_SNPSIFT:SNPEFF_ANN,i3.xlarge,23.679153604076312
nfcore/viralrecon:2.1,NFCORE_VIRALRECON:ILLUMINA:VARIANTS_IVAR:SNPEFF_SNPSIFT:SNPEFF_ANN,m5a.xlarge,21.332984617850457
